# M_MTOT,R_RTOT,MATM_MTOT,RATM_RTOT,M_G,R_CM,REQ_CM,P_CGS,T_K,RHO_GCC,L_CGS,S_CGS,KROSS_CGS,GRADT,GRADAD,GRADRAD,TAUV,VSOUND_CGS,CP_CGS,X,Y,Z
 1.00000000000D+00, 1.00000000000D+00, 0.00000000000D+00, 0.00000000000D+00, 2.27760000000D+30, 8.85173981517D+09, 0.00000000000D+00, 1.43746836964D+07, 2.17331571151D+03, 1.94017386493D-04, 1.00000000000D+00, 7.15509448194D+08, 2.04666747680D-01, 0.00000000000D+00, 3.00229151678D-01, 2.28281084945D-02, 1.00000000000D+03, 3.21215895651D+05, 1.14191463699D+08, 6.73000000000D-01, 2.77000000000D-01, 5.00000000000D-02
 9.99999114614D-01, 9.98940305996D-01,-8.85385777805D-07,-1.05969400406D-03, 2.27759798345D+30, 8.84235967956D+09, 0.00000000000D+00, 1.83661995916D+07, 2.18794944923D+03, 2.46225910761D-04, 1.00000000000D+00, 7.07897075775D+08, 2.36899243985D-01, 0.00000000000D+00, 2.98147986959D-01, 3.28662265781D-02, 1.45474264904D+03, 3.22076132729D+05, 1.14435753471D+08, 6.73000000000D-01, 2.77000000000D-01, 5.00000000000D-02
 9.99998041715D-01, 9.97919808134D-01,-1.95828533189D-06,-2.08019186588D-03, 2.27759553981D+30, 8.83332649800D+09, 0.00000000000D+00, 2.32222385652D+07, 2.20810420910D+03, 3.08485036793D-04, 1.00000000000D+00, 7.00962226547D+08, 2.74970835292D-01, 0.00000000000D+00, 2.95364155503D-01, 4.64974273345D-02, 2.09448042477D+03, 3.23205971298D+05, 1.14976299798D+08, 6.73000000000D-01, 2.77000000000D-01, 5.00000000000D-02
 9.99996771407D-01, 9.96945920545D-01,-3.22859336699D-06,-3.05407945477D-03, 2.27759264656D+30, 8.82470589846D+09, 0.00000000000D+00, 2.89934000808D+07, 2.23507839823D+03, 3.80517830850D-04, 1.00000000000D+00, 6.94841184989D+08, 3.20111342915D-01, 0.00000000000D+00, 2.92284819470D-01, 6.43792911111D-02, 2.97617681080D+03, 3.24767567188D+05, 1.15677769969D+08, 6.73000000000D-01, 2.77000000000D-01, 5.00000000000D-02
 9.99995304620D-01, 9.96024413474D-01,-4.69537980785D-06,-3.97558652595D-03, 2.27758930580D+30, 8.81654895763D+09, 0.00000000000D+00, 3.56808406079D+07, 2.27005588488D+03, 4.61126707855D-04, 1.00000000000D+00, 6.89644246394D+08, 3.73964840202D-01, 0.00000000000D+00, 2.88836151262D-01, 8.69835872422D-02, 4.16486321038D+03, 3.26807608696D+05, 1.16455886280D+08, 6.73000000000D-01, 2.77000000000D-01, 5.00000000000D-02
 9.99993653067D-01, 9.95158467992D-01,-6.34693323431D-06,-4.84153200752D-03, 2.27758554422D+30, 8.80888383353D+09, 0.00000000000D+00, 4.32357948076D+07, 2.31398090454D+03, 5.48278815158D-04, 1.00000000000D+00, 6.85440847590D+08, 4.38773473302D-01, 0.00000000000D+00, 2.85275447821D-01, 1.14541563084D-01, 5.73349315735D+03, 3.29418520181D+05, 1.17260527250D+08, 6.73000000000D-01, 2.77000000000D-01, 5.00000000000D-02
 9.99991836940D-01, 9.94348436687D-01,-8.16306049189D-06,-5.65156331316D-03, 2.27758140781D+30, 8.80171364717D+09, 0.00000000000D+00, 5.15695814547D+07, 2.36751044463D+03, 6.39393638676D-04, 1.00000000000D+00, 6.82254206870D+08, 5.17620600999D-01, 0.00000000000D+00, 2.81569333105D-01, 1.47081046413D-01, 7.76483721104D+03, 3.32614691080D+05, 1.18061150653D+08, 6.73000000000D-01, 2.77000000000D-01, 5.00000000000D-02
 9.99989881641D-01, 9.93592315134D-01,-1.01183589492D-05,-6.40768486605D-03, 2.27757695443D+30, 8.79502065591D+09, 0.00000000000D+00, 6.05683357855D+07, 2.43105195086D+03, 7.31685636694D-04, 1.00000000000D+00, 6.80062342160D+08, 6.14756115518D-01, 0.00000000000D+00, 2.77813161109D-01, 1.84540441499D-01, 1.03559089812D+04, 3.36415229477D+05, 1.18835261468D+08, 6.73000000000D-01, 2.77000000000D-01, 5.00000000000D-02
 9.99987814929D-01, 9.92886579803D-01,-1.21850706233D-05,-7.11342019720D-03, 2.27757224728D+30, 8.78877367038D+09, 0.00000000000D+00, 7.01060696798D+07, 2.50485288138D+03, 8.22169078727D-04, 1.00000000000D+00, 6.78965868470D+08, 7.36058117946D-01, 0.00000000000D+00, 2.47202242648D-01, 2.26913192821D-01, 1.36246779854D+04, 3.36885030499D+05, 1.32774912287D+08, 6.73000000000D-01, 2.77000000000D-01, 5.00000000000D-02
 9.99985577397D-01, 9.92201673231D-01,-1.44226025843D-05,-7.79832676873D-03, 2.27756715108D+30, 8.78271105561D+09, 0.00000000000D+00, 8.04600323136D+07, 2.58594467738D+03, 9.13132205880D-04, 1.00000000000D+00, 6.78961886333D+08, 8.88194776809D-01, 2.18416888960D-01, 2.18416246902D-01, 2.76651726077D-01, 1.78831337284D+04, 3.38258684716D+05, 1.50564266624D+08, 6.73000000000D-01, 2.77000000000D-01, 5.00000000000D-02
 9.99982881341D-01, 9.91460239453D-01,-1.71186585378D-05,-8.53976054712D-03, 2.27756101054D+30, 8.77614807672D+09, 0.00000000000D+00, 9.29726600965D+07, 2.66507245389D+03, 1.02161563576D-03, 1.00000000000D+00, 6.78958428907D+08, 1.07513645517D+00, 2.00385717044D-01, 2.00384871288D-01, 3.43009239639D-01, 2.40952284716D+04, 3.41151677483D+05, 1.65494926687D+08, 6.73000000000D-01, 2.77000000000D-01, 5.00000000000D-02
 9.99979669854D-01, 9.90671556019D-01,-2.03301461416D-05,-9.32844398111D-03, 2.27755369606D+30, 8.76916685616D+09, 0.00000000000D+00, 1.07924320645D+08, 2.74333935149D+03, 1.14867785105D-03, 1.00000000000D+00, 6.78955390814D+08, 1.30583387642D+00, 1.88952856146D-01, 1.88951978969D-01, 4.30738381789D-01, 3.30832809276D+04, 3.44991031781D+05, 1.77964015088D+08, 6.73000000000D-01, 2.77000000000D-01, 5.00000000000D-02
 9.99975874214D-01, 9.89842497424D-01,-2.41257863191D-05,-1.01575025758D-02, 2.27754505111D+30, 8.76182824519D+09, 0.00000000000D+00, 1.25654017781D+08, 2.82160369305D+03, 1.29575931310D-03, 1.00000000000D+00, 6.78952787937D+08, 1.59193783275D+00, 1.81694548662D-01, 1.81693703275D-01, 5.46316757635D-01, 4.60326747663D+04, 3.49408853508D+05, 1.88302025169D+08, 6.73000000000D-01, 2.77000000000D-01, 5.00000000000D-02
 9.99971413235D-01, 9.88978102038D-01,-2.85867648687D-05,-1.10218979617D-02, 2.27753489078D+30, 8.75417684214D+09, 0.00000000000D+00, 1.46563378161D+08, 2.90053107272D+03, 1.46466728413D-03, 1.00000000000D+00, 6.78950255956D+08, 1.94860000770D+00, 1.77374701153D-01, 1.77373912170D-01, 6.98499522395D-01, 6.46579037867D+04, 3.54273204409D+05, 1.96790477646D+08, 6.73000000000D-01, 2.77000000000D-01, 5.00000000000D-02
 9.99966194759D-01, 9.88082413299D-01,-3.38052411674D-05,-1.19175867007D-02, 2.27752300518D+30, 8.74624843847D+09, 0.00000000000D+00, 1.71110651018D+08, 2.98069002369D+03, 1.65738909201D-03, 1.00000000000D+00, 6.78948358718D+08, 2.39565337168D+00, 1.75125341679D-01, 1.75124617019D-01, 8.99009063833D-01, 9.14353974372D+04, 3.59464514784D+05, 2.03688305877D+08, 6.73000000000D-01, 2.77000000000D-01, 5.00000000000D-02
 9.99960112413D-01, 9.87158326817D-01,-3.98875870551D-05,-1.28416731828D-02, 2.27750915203D+30, 8.73806866536D+09, 0.00000000000D+00, 1.99827020835D+08, 3.06252626102D+03, 1.87627066729D-03, 1.00000000000D+00, 6.78946553312D+08, 2.95906844625D+00, 1.74390990022D-01, 1.74390330026D-01, 1.16365136473D+00, 1.29968737604D+05, 3.64918893307D+05, 2.09217202848D+08, 6.73000000000D-01, 2.77000000000D-01, 5.00000000000D-02
 9.99953046976D-01, 9.86208234374D-01,-4.69530236064D-05,-1.37917656258D-02, 2.27749305979D+30, 8.72965869425D+09, 0.00000000000D+00, 2.33311413518D+08, 3.14643863380D+03, 2.12378804914D-03, 1.00000000000D+00, 6.78945278068D+08, 3.67312164824D+00, 1.74805765062D-01, 1.74805166590D-01, 1.51366666179D+00, 1.85501652832D+05, 3.70615794436D+05, 2.13557670207D+08, 6.73000000000D-01, 2.77000000000D-01, 5.00000000000D-02
 9.99944862403D-01, 9.85233774207D-01,-5.51375973796D-05,-1.47662257931D-02, 2.27747441861D+30, 8.72103302639D+09, 0.00000000000D+00, 2.72250702891D+08, 3.23274644070D+03, 2.40280314173D-03, 1.00000000000D+00, 6.78944247007D+08, 4.58312809413D+00, 1.76029121933D-01, 1.76028580378D-01, 1.97780742981D+00, 2.65719171907D+05, 3.76467432485D+05, 2.16870473413D+08, 6.73000000000D-01, 2.77000000000D-01, 5.00000000000D-02
 9.99935406367D-01, 9.84236278746D-01,-6.45936329627D-05,-1.57637212537D-02, 2.27745288154D+30, 8.71220345611D+09, 0.00000000000D+00, 3.17418716835D+08, 3.32174060140D+03, 2.71634149928D-03, 1.00000000000D+00, 6.78943444796D+08, 5.74942808351D+00, 1.77945462986D-01, 1.77944973294D-01, 2.59500376795D+00, 3.81904922521D+05, 3.82540269612D+05, 2.19293562223D+08, 6.73000000000D-01, 2.77000000000D-01, 5.00000000000D-02
 9.99924506774D-01, 9.83216626883D-01,-7.54932262815D-05,-1.67833731167D-02, 2.27742805663D+30, 8.70317776312D+09, 0.00000000000D+00, 3.69694693556D+08, 3.41366735996D+03, 3.06778747776D-03, 1.00000000000D+00, 6.78942900985D+08, 7.25265856214D+00, 1.80259774920D-01, 1.80259332068D-01, 3.41825186504D+00, 5.50721773536D+05, 3.88707489870D+05, 2.20953146580D+08, 6.73000000000D-01, 2.77000000000D-01, 5.00000000000D-02
 9.99911969829D-01, 9.82175401431D-01,-8.80301709884D-05,-1.78245985691D-02, 2.27739950248D+30, 8.69396110632D+09, 0.00000000000D+00, 4.30074631723D+08, 3.50874275061D+03, 3.46082697641D-03, 1.00000000000D+00, 6.78942445342D+08, 9.20115659485D+00, 1.83002218436D-01, 1.83001817709D-01, 4.51995372462D+00, 7.96882434552D+05, 3.95098272737D+05, 2.21962149256D+08, 6.73000000000D-01, 2.77000000000D-01, 5.00000000000D-02
 9.99897579769D-01, 9.81113057999D-01,-1.02420230604D-04,-1.88869420013D-02, 2.27736672768D+30, 8.68455751867D+09, 0.00000000000D+00, 4.99674918618D+08, 3.60717816240D+03, 3.89934374676D-03, 1.00000000000D+00, 6.78942249659D+08, 1.17414561402D+01, 1.85941644654D-01, 1.85941281706D-01, 5.99928152006D+00, 1.15715627652D+06, 4.01575720972D+05, 2.22417355571D+08, 6.73000000000D-01, 2.77000000000D-01, 5.00000000000D-02
 9.99881091364D-01, 9.80029641476D-01,-1.18908636001D-04,-1.99703585239D-02, 2.27732917369D+30, 8.67496739750D+09, 0.00000000000D+00, 5.79771305519D+08, 3.70913918092D+03, 4.38780546121D-03, 1.00000000000D+00, 6.78941797490D+08, 1.50722676055D+01, 1.89092720525D-01, 1.89092391461D-01, 7.99300452689D+00, 1.68665743693D+06, 4.08239965137D+05, 2.22422972407D+08, 6.73000000000D-01, 2.77000000000D-01, 5.00000000000D-02
 9.99862232900D-01, 9.78925221889D-01,-1.37767099974D-04,-2.10747781112D-02, 2.27728622165D+30, 8.66519136266D+09, 0.00000000000D+00, 6.71787584083D+08, 3.81480428918D+03, 4.93069517622D-03, 1.00000000000D+00, 6.78941953637D+08, 1.94653148770D+01, 1.92253444087D-01, 1.92253145413D-01, 1.06900519075D+01, 2.46816537594D+06, 4.15026719855D+05, 2.22061534195D+08, 6.73000000000D-01, 2.77000000000D-01, 5.00000000000D-02
 9.99840688167D-01, 9.77799121084D-01,-1.59311832817D-04,-2.22008789156D-02, 2.27723715137D+30, 8.65522341134D+09, 0.00000000000D+00, 7.77387328111D+08, 3.92426388790D+03, 5.53313023000D-03, 1.00000000000D+00, 6.78951221323D+08, 2.52917323605D+01, 1.94009183000D-01, 1.94008913866D-01, 1.43538377785D+01, 3.62736545240D+06, 4.22262055980D+05, 2.22814496858D+08, 6.73000000000D-01, 2.77000000000D-01, 5.00000000000D-02
 9.99815927306D-01, 9.76642758371D-01,-1.84072694203D-04,-2.33572416293D-02, 2.27718075603D+30, 8.64498758946D+09, 0.00000000000D+00, 8.99315317989D+08, 4.03663119508D+03, 6.20411652178D-03, 1.00000000000D+00, 6.78953429058D+08, 3.30261307418D+01, 1.93132569212D-01, 1.93132329498D-01, 1.93681869453D+01, 5.36682237808D+06, 4.30104480422D+05, 2.25718418553D+08, 6.73000000000D-01, 2.77000000000D-01, 5.00000000000D-02
 9.99787374987D-01, 9.75450454962D-01,-2.12625013422D-04,-2.45495450377D-02, 2.27711572527D+30, 8.63443362991D+09, 0.00000000000D+00, 1.04058775470D+09, 4.15140842700D+03, 6.95371333342D-03, 1.00000000000D+00, 6.78955181125D+08, 4.33096959239D+01, 1.90884645624D-01, 1.90884432621D-01, 2.62718083911D+01, 7.99808914243D+06, 4.37957136750D+05, 2.29275279812D+08, 6.73000000000D-01, 2.77000000000D-01, 5.00000000000D-02
 9.99754370590D-01, 9.74217723064D-01,-2.45629409777D-04,-2.57822769357D-02, 2.27704055446D+30, 8.62352180789D+09, 0.00000000000D+00, 1.20469838080D+09, 4.26823277860D+03, 7.79325785663D-03, 1.00000000000D+00, 6.78956298309D+08, 5.70035101892D+01, 1.87984167337D-01, 1.87983978340D-01, 3.58269509462D+01, 1.20042699171D+07, 4.46155822683D+05, 2.33258138151D+08, 6.73000000000D-01, 2.77000000000D-01, 5.00000000000D-02
 9.99716164302D-01, 9.72941168189D-01,-2.83835697534D-04,-2.70588318109D-02, 2.27695353582D+30, 8.61222207627D+09, 0.00000000000D+00, 1.39565080842D+09, 4.38688210531D+03, 8.73454274808D-03, 1.00000000000D+00, 6.78956908882D+08, 7.52684157542D+01, 1.84655868896D-01, 1.84655701292D-01, 4.91139202557D+01, 1.81342979583D+07, 4.54483340130D+05, 2.37470037566D+08, 6.73000000000D-01, 2.77000000000D-01, 5.00000000000D-02
 9.99671889064D-01, 9.71617849963D-01,-3.28110935707D-04,-2.83821500369D-02, 2.27685269453D+30, 8.60050840764D+09, 0.00000000000D+00, 1.61811416655D+09, 4.50718625568D+03, 9.79124133472D-03, 1.00000000000D+00, 6.78955780402D+08, 9.96666950830D+01, 1.81337637310D-01, 1.81337488669D-01, 6.76698692883D+01, 2.75534403024D+07, 4.63158230006D+05, 2.41753337909D+08, 6.73000000000D-01, 2.77000000000D-01, 5.00000000000D-02
 9.99620594897D-01, 9.70246396614D-01,-3.79405103411D-04,-2.97536033857D-02, 2.27673586694D+30, 8.58836865943D+09, 0.00000000000D+00, 1.87726784428D+09, 4.62918307608D+03, 1.09756673466D-02, 1.00000000000D+00, 6.78955745670D+08, 1.32328545187D+02, 1.78254526570D-01, 1.78254394636D-01, 9.36791147615D+01, 4.20638525010D+07, 4.72208087306D+05, 2.45942125680D+08, 6.73000000000D-01, 2.77000000000D-01, 5.00000000000D-02
 9.99561174013D-01, 9.68824995049D-01,-4.38825986570D-04,-3.11750049512D-02, 2.27660052993D+30, 8.57578678260D+09, 0.00000000000D+00, 2.17919894342D+09, 4.75286250260D+03, 1.23030553358D-02, 1.00000000000D+00, 6.78955679611D+08, 1.76133728193D+02, 1.75406021854D-01, 1.75405904576D-01, 1.30264071330D+02, 6.44759640212D+07, 4.81599341182D+05, 2.49876514011D+08, 6.73000000000D-01, 2.77000000000D-01, 5.00000000000D-02
 9.99492397618D-01, 9.67352716334D-01,-5.07602382335D-04,-3.26472836660D-02, 2.27644388481D+30, 8.56275455448D+09, 0.00000000000D+00, 2.53074066529D+09, 4.87833509593D+03, 1.37871342321D-02, 1.00000000000D+00, 6.78955097592D+08, 2.35019002927D+02, 1.73163306668D-01, 1.73163202183D-01, 1.81886402469D+02, 9.91526808842D+07, 4.91647664590D+05, 2.53390477192D+08, 6.73000000000D-01, 2.77000000000D-01, 5.00000000000D-02
 9.99412904130D-01, 9.65829102610D-01,-5.87095869688D-04,-3.41708973903D-02, 2.27626283045D+30, 8.54926792222D+09, 0.00000000000D+00, 2.93955667202D+09, 5.00579121960D+03, 1.54431118719D-02, 1.00000000000D+00, 6.78954259467D+08, 3.14388673940D+02, 1.71447212587D-01, 1.71447119245D-01, 2.54934416022D+02, 1.52870317762D+08, 5.01929693467D+05, 2.56376143313D+08, 6.73000000000D-01, 2.77000000000D-01, 5.00000000000D-02
 9.99321199695D-01, 9.64254328963D-01,-6.78800305324D-04,-3.57456710371D-02, 2.27605396442D+30, 8.53532843563D+09, 0.00000000000D+00, 3.41416523185D+09, 5.13550030368D+03, 1.72857118651D-02, 1.00000000000D+00, 6.78952556944D+08, 4.21708893010D+02, 1.70633074243D-01, 1.70632990602D-01, 3.58572334210D+02, 2.36151945607D+08, 5.13016690990D+05, 2.58774660475D+08, 6.73000000000D-01, 2.77000000000D-01, 5.00000000000D-02
 9.99215698552D-01, 9.62629478482D-01,-7.84301448202D-04,-3.73705215183D-02, 2.27581367502D+30, 8.52094568193D+09, 0.00000000000D+00, 3.96375610002D+09, 5.26786733086D+03, 1.93278551723D-02, 1.00000000000D+00, 6.78951552987D+08, 5.67407341710D+02, 1.70518664101D-01, 1.70518588916D-01, 5.05963200611D+02, 3.65300939951D+08, 5.24373687904D+05, 2.60584835477D+08, 6.73000000000D-01, 2.77000000000D-01, 5.00000000000D-02
 9.99094617782D-01, 9.60954982691D-01,-9.05382217705D-04,-3.90450173090D-02, 2.27553790146D+30, 8.50612348087D+09, 0.00000000000D+00, 4.59876785832D+09, 5.40320748771D+03, 2.15854537890D-02, 1.00000000000D+00, 6.78950360390D+08, 7.65990128772D+02, 1.71082831764D-01, 1.71082763951D-01, 7.16089130175D+02, 5.65756809694D+08, 5.36352700401D+05, 2.61761777744D+08, 6.73000000000D-01, 2.77000000000D-01, 5.00000000000D-02
 9.98956032983D-01, 9.59231470085D-01,-1.04396701702D-03,-4.07685299154D-02, 2.27522226072D+30, 8.49086739571D+09, 0.00000000000D+00, 5.33063505830D+09, 5.54187200000D+03, 2.40705495747D-02, 1.00000000000D+00, 6.78949478950D+08, 1.03783327872D+03, 1.72218970067D-01, 1.72218908694D-01, 1.01636529671D+03, 8.77160213295D+08, 5.48846820578D+05, 2.62345291620D+08, 6.73000000000D-01, 2.77000000000D-01, 5.00000000000D-02
 9.98797839022D-01, 9.57459322914D-01,-1.20216097814D-03,-4.25406770864D-02, 2.27486195816D+30, 8.47518081004D+09, 0.00000000000D+00, 6.17203303716D+09, 5.68418275921D+03, 2.67992972410D-02, 1.00000000000D+00, 6.78948588640D+08, 1.41163648208D+03, 1.73916254501D-01, 1.73916198772D-01, 1.44649524598D+03, 1.36148777522D+09, 5.61700740471D+05, 2.62360915781D+08, 6.73000000000D-01, 2.77000000000D-01, 5.00000000000D-02
 9.98617750356D-01, 9.55638889082D-01,-1.38224964398D-03,-4.43611109182D-02, 2.27445178821D+30, 8.45906680341D+09, 0.00000000000D+00, 7.13692050878D+09, 5.83044796675D+03, 2.97837594463D-02, 1.00000000000D+00, 6.78947879719D+08, 1.92803911662D+03, 1.76021190307D-01, 1.76021139542D-01, 2.06412191359D+03, 2.11582529330D+09, 5.75308739218D+05, 2.61883962781D+08, 6.73000000000D-01, 2.77000000000D-01, 5.00000000000D-02
 9.98413292299D-01, 9.53770244288D-01,-1.58670770093D-03,-4.62297557122D-02, 2.27398611454D+30, 8.44252604588D+09, 0.00000000000D+00, 8.24063399845D+09, 5.98095378626D+03, 3.30392428129D-02, 1.00000000000D+00, 6.78947298315D+08, 2.64483980067D+03, 1.78546982379D-01, 1.78546935990D-01, 2.95313620026D+03, 3.29262510504D+09, 5.89050344146D+05, 2.60951997370D+08, 6.73000000000D-01, 2.77000000000D-01, 5.00000000000D-02
 9.98181735585D-01, 9.51853075500D-01,-1.81826441544D-03,-4.81469244999D-02, 2.27345872097D+30, 8.42555576659D+09, 0.00000000000D+00, 9.50029704026D+09, 6.13591412638D+03, 3.65797477557D-02, 1.00000000000D+00, 6.78947049900D+08, 3.64439610944D+03, 1.81123776130D-01, 1.81123733605D-01, 4.23595823047D+03, 5.13228509569D+09, 6.03828402029D+05, 2.59586506458D+08, 6.73000000000D-01, 2.77000000000D-01, 5.00000000000D-02
 9.97920048305D-01, 9.49886110806D-01,-2.07995169467D-03,-5.01138891936D-02, 2.27286270202D+30, 8.40814470690D+09, 0.00000000000D+00, 1.09351539825D+10, 6.29544884547D+03, 4.04174717201D-02, 1.00000000000D+00, 6.78946719840D+08, 5.04419497504D+03, 1.83904734310D-01, 1.83904695211D-01, 6.09157848266D+03, 8.01521605690D+09, 6.18883234036D+05, 2.57859740732D+08, 6.73000000000D-01, 2.77000000000D-01, 5.00000000000D-02
 9.97625063787D-01, 9.47868965624D-01,-2.37493621266D-03,-5.21310343755D-02, 2.27219084528D+30, 8.39028946258D+09, 0.00000000000D+00, 1.25657215382D+10, 6.45976849194D+03, 4.45698661678D-02, 1.00000000000D+00, 6.78947101981D+08, 7.01362473875D+03, 1.86826865282D-01, 1.86826829226D-01, 8.78234332623D+03, 1.25424494754D+10, 6.34427612589D+05, 2.55804635287D+08, 6.73000000000D-01, 2.77000000000D-01, 5.00000000000D-02
 9.97293255282D-01, 9.45800403710D-01,-2.70674471782D-03,-5.41995962902D-02, 2.27143511823D+30, 8.37197909072D+09, 0.00000000000D+00, 1.44151019098D+10, 6.62896919843D+03, 4.90477942596D-02, 1.00000000000D+00, 6.78947059605D+08, 9.79618407388D+03, 1.89817634699D-01, 1.89817601359D-01, 1.26935585043D+04, 1.96697941812D+10, 6.50657436195D+05, 2.53489484577D+08, 6.73000000000D-01, 2.77000000000D-01, 5.00000000000D-02
 9.96920896688D-01, 9.43679474526D-01,-3.07910331185D-03,-5.63205254741D-02, 2.27058703430D+30, 8.35320517742D+09, 0.00000000000D+00, 1.65081817350D+10, 6.80318335119D+03, 5.38685765263D-02, 1.00000000000D+00, 6.78947076733D+08, 1.37445674340D+04, 1.92867547069D-01, 1.92867516156D-01, 1.83923209340D+04, 3.09163972726D+10, 6.66957459026D+05, 2.50952533671D+08, 6.73000000000D-01, 2.77000000000D-01, 5.00000000000D-02
 9.96503967596D-01, 9.41505252253D-01,-3.49603240393D-03,-5.84947477467D-02, 2.26963743660D+30, 8.33395952756D+09, 0.00000000000D+00, 1.88722477820D+10, 6.98251308486D+03, 5.90478233944D-02, 1.00000000000D+00, 6.78947343816D+08, 1.93705800000D+04, 1.95910982039D-01, 1.95910953305D-01, 2.67150388846D+04, 4.87050574976D+10, 6.84158341878D+05, 2.48244642849D+08, 6.73000000000D-01, 2.77000000000D-01, 5.00000000000D-02
 9.96038100583D-01, 9.39276298111D-01,-3.96189941739D-03,-6.07237018889D-02, 2.26857637789D+30, 8.31422940543D+09, 0.00000000000D+00, 2.15373927469D+10, 7.16700112144D+03, 6.45957524270D-02, 1.00000000000D+00, 6.78938727949D+08, 2.74179100190D+04, 1.99994469609D-01, 1.99994442737D-01, 3.88971027827D+04, 7.69101429336D+10, 7.02516250974D+05, 2.43889894948D+08, 6.73000000000D-01, 2.77000000000D-01, 5.00000000000D-02
 9.95520781952D-01, 9.36999926450D-01,-4.47921804777D-03,-6.30000735498D-02, 2.26739813297D+30, 8.29407955577D+09, 0.00000000000D+00, 2.45238639262D+10, 7.35779057099D+03, 7.04797843153D-02, 1.00000000000D+00, 6.78940201599D+08, 3.90243718158D+04, 2.04414225366D-01, 2.04414200153D-01, 5.67806579570D+04, 1.21578189359D+11, 7.22318936623D+05, 2.38661823610D+08, 6.73000000000D-01, 2.77000000000D-01, 5.00000000000D-02
 9.94946717031D-01, 9.34670466378D-01,-5.05328296861D-03,-6.53295336219D-02, 2.26609064271D+30, 8.27345978130D+09, 0.00000000000D+00, 2.78687662988D+10, 7.55445593653D+03, 7.67053800008D-02, 1.00000000000D+00, 6.78941476929D+08, 5.58119982718D+04, 2.07973365300D-01, 2.07973341665D-01, 8.30899205931D+04, 1.92647021954D+11, 7.43519164826D+05, 2.34075404766D+08, 6.73000000000D-01, 2.77000000000D-01, 5.00000000000D-02
 9.94310164267D-01, 9.32282232869D-01,-5.68983573325D-03,-6.77177671308D-02, 2.26464083013D+30, 8.25231975966D+09, 0.00000000000D+00, 3.16130483948D+10, 7.75658099715D+03, 8.32808348233D-02, 1.00000000000D+00, 6.78942471747D+08, 8.01484577421D+04, 2.10748583328D-01, 2.10748561182D-01, 1.21863587894D+05, 3.06154832208D+11, 7.65541250265D+05, 2.29993889176D+08, 6.73000000000D-01, 2.77000000000D-01, 5.00000000000D-02
 9.93604935459D-01, 9.29829818861D-01,-6.39506454149D-03,-7.01701811386D-02, 2.26303460100D+30, 8.23061162894D+09, 0.00000000000D+00, 3.58016949147D+10, 7.96376362707D+03, 9.02152281876D-02, 1.00000000000D+00, 6.78941128854D+08, 1.15487499730D+05, 2.13135793760D-01, 2.13135773008D-01, 1.79088212843D+05, 4.87992653594D+11, 7.88947743777D+05, 2.26294010880D+08, 6.73000000000D-01, 2.77000000000D-01, 5.00000000000D-02
 9.92825460658D-01, 9.27311202704D-01,-7.17453934221D-03,-7.26887972963D-02, 2.26125926919D+30, 8.20831749402D+09, 0.00000000000D+00, 4.04775112646D+10, 8.17601594480D+03, 9.74974737072D-02, 1.00000000000D+00, 6.78941752141D+08, 1.66941761376D+05, 2.15307216793D-01, 2.15307197338D-01, 2.63666278722D+05, 7.79612264152D+11, 8.13515032607D+05, 2.22891395066D+08, 6.73000000000D-01, 2.77000000000D-01, 5.00000000000D-02
 9.91965167303D-01, 9.24721978656D-01,-8.03483269705D-03,-7.52780213438D-02, 2.25929986505D+30, 8.18539835643D+09, 0.00000000000D+00, 4.56909065112D+10, 8.39303813847D+03, 1.05133217554D-01, 1.00000000000D+00, 6.78942160617D+08, 2.41958056209D+05, 2.17086329420D-01, 2.17086311165D-01, 3.88787482651D+05, 1.24805981761D+12, 8.38927935623D+05, 2.19690245850D+08, 6.73000000000D-01, 2.77000000000D-01, 5.00000000000D-02
 9.91017372614D-01, 9.22058670068D-01,-8.98262738608D-03,-7.79413299325D-02, 2.25714116787D+30, 8.16182344176D+09, 0.00000000000D+00, 5.14947999368D+10, 8.61460900131D+03, 1.13125873388D-01, 1.00000000000D+00, 6.78941585856D+08, 3.51447895568D+05, 2.18858311513D-01, 2.18858294358D-01, 5.74005949080D+05, 2.00115328956D+12, 8.65279860036D+05, 2.16543970016D+08, 6.73000000000D-01, 2.77000000000D-01, 5.00000000000D-02
 9.89976471207D-01, 9.19321448133D-01,-1.00235287927D-02,-8.06785518670D-02, 2.25477041082D+30, 8.13759426537D+09, 0.00000000000D+00, 5.79373689732D+10, 8.84092694053D+03, 1.21466522661D-01, 1.00000000000D+00, 6.78941141718D+08, 5.11623189416D+05, 2.21235490702D-01, 2.21235474544D-01, 8.48415377709D+05, 3.21090481033D+12, 8.92403407498D+05, 2.13283086465D+08, 6.73000000000D-01, 2.77000000000D-01, 5.00000000000D-02
 9.88837252582D-01, 9.16511462540D-01,-1.11627474181D-02,-8.34885374602D-02, 2.25217572648D+30, 8.11272100402D+09, 0.00000000000D+00, 6.50660910467D+10, 9.07227183384D+03, 1.30142442179D-01, 1.00000000000D+00, 6.78940782455D+08, 7.46573481719D+05, 2.24079426165D-01, 2.24079410914D-01, 1.25531829931D+06, 5.15233045691D+12, 9.20428467300D+05, 2.09938576007D+08, 6.73000000000D-01, 2.77000000000D-01, 5.00000000000D-02
 9.87593550876D-01, 9.13627454163D-01,-1.24064491241D-02,-8.63725458375D-02, 2.24934307147D+30, 8.08719251224D+09, 0.00000000000D+00, 7.29362970580D+10, 9.30858367349D+03, 1.39156419615D-01, 1.00000000000D+00, 6.78941429953D+08, 1.09173581173D+06, 2.26054154976D-01, 2.26054140552D-01, 1.85893504656D+06, 8.26771582288D+12, 9.47984926024D+05, 2.06524818153D+08, 6.73000000000D-01, 2.77000000000D-01, 5.00000000000D-02
 9.86237379932D-01, 9.10664848998D-01,-1.37626200685D-02,-8.93351510017D-02, 2.24625425653D+30, 8.06096830215D+09, 0.00000000000D+00, 8.16171816637D+10, 9.54931757047D+03, 1.48530792561D-01, 1.00000000000D+00, 6.78941016455D+08, 1.59857271482D+06, 2.28166851519D-01, 2.28166837852D-01, 2.75396747266D+06, 1.32705993946D+13, 9.76694669257D+05, 2.03004524389D+08, 6.73000000000D-01, 2.77000000000D-01, 5.00000000000D-02
 9.84763544542D-01, 9.07625565704D-01,-1.52364554578D-02,-9.23744342959D-02, 2.24289744905D+30, 8.03406535720D+09, 0.00000000000D+00, 9.11625470783D+10, 9.79471016625D+03, 1.58233366532D-01, 1.00000000000D+00, 6.78940528157D+08, 2.34406128844D+06, 2.30791000299D-01, 2.30790987321D-01, 4.08133942301D+06, 2.12899954741D+13, 1.00705776133D+06, 1.99363990945D+08, 6.73000000000D-01, 2.77000000000D-01, 5.00000000000D-02
 9.83172203150D-01, 9.04520595912D-01,-1.68277968499D-02,-9.54794040876D-02, 2.23927300989D+30, 8.00658097247D+09, 0.00000000000D+00, 1.01592972956D+11, 1.00461715024D+04, 1.68136891793D-01, 1.00000000000D+00, 6.78930412124D+08, 3.44719415628D+06, 2.40242386194D-01, 2.40242373839D-01, 6.05359123748D+06, 3.40913102526D+13, 1.04980952569D+06, 1.95681181020D+08, 6.73000000000D-01, 2.77000000000D-01, 5.00000000000D-02
 9.81481187899D-01, 9.01386933405D-01,-1.85188121008D-02,-9.86130665954D-02, 2.23542155356D+30, 7.97884260729D+09, 0.00000000000D+00, 1.12811562266D+11, 1.03087245101D+04, 1.77858381807D-01, 1.00000000000D+00, 6.78931360765D+08, 5.11250047896D+06, 2.52188100131D-01, 2.52188088341D-01, 9.00742970669D+06, 5.43187184986D+13, 1.09857948007D+06, 1.92338455381D+08, 6.73000000000D-01, 2.77000000000D-01, 5.00000000000D-02
 9.79687504166D-01, 8.98216371192D-01,-2.03124958337D-02,-1.01783628808D-01, 2.23133625949D+30, 7.95077761552D+09, 0.00000000000D+00, 1.24857155400D+11, 1.05818008877D+04, 1.87414893204D-01, 1.00000000000D+00, 6.78932804519D+08, 7.63912065486D+06, 2.62861944960D-01, 2.62861933687D-01, 1.34414622470D+07, 8.64808564356D+13, 1.14627409556D+06, 1.89570677850D+08, 6.73000000000D-01, 2.77000000000D-01, 5.00000000000D-02
 9.77785543208D-01, 8.94997971167D-01,-2.22144567918D-02,-1.05002028833D-01, 2.22700435321D+30, 7.92228917588D+09, 0.00000000000D+00, 1.37788167046D+11, 1.08643333362D+04, 1.96945754992D-01, 1.00000000000D+00, 6.79013305126D+08, 1.14824555066D+07, 2.46054752497D-01, 2.46054741698D-01, 2.01051063733D+07, 1.37953585827D+14, 1.14585167684D+06, 1.87338764252D+08, 6.73000000000D-01, 2.77000000000D-01, 5.00000000000D-02
 9.75551306194D-01, 8.91392606909D-01,-2.44486938058D-02,-1.08607393091D-01, 2.22191565499D+30, 7.89037542952D+09, 0.00000000000D+00, 1.53180027244D+11, 1.11111130914D+04, 2.09479369423D-01, 1.00000000000D+00, 6.78997518128D+08, 1.65031784308D+07, 1.81913005182D-01, 1.81912994770D-01, 2.94309968437D+07, 2.27532243850D+14, 1.08044273782D+06, 1.81094870701D+08, 6.73000000000D-01, 2.77000000000D-01, 5.00000000000D-02
 9.72865177822D-01, 8.87314264499D-01,-2.71348221783D-02,-1.12685735501D-01, 2.21579772901D+30, 7.85427500363D+09, 0.00000000000D+00, 1.71961062790D+11, 1.13064638696D+04, 2.26275923919D-01, 1.00000000000D+00, 6.78980559155D+08, 2.23111847329D+07, 1.22078236466D-01, 1.22078226282D-01, 4.17742361908D+07, 3.79012277888D+14, 1.03959251969D+06, 1.66775480587D+08, 6.73000000000D-01, 2.77000000000D-01, 5.00000000000D-02
 9.69570384698D-01, 8.82678850213D-01,-3.04296153020D-02,-1.17321149787D-01, 2.20829350819D+30, 7.81324352244D+09, 0.00000000000D+00, 1.95385471826D+11, 1.14338050394D+04, 2.48656748668D-01, 1.00000000000D+00, 6.78857375067D+08, 2.78860149468D+07, 9.32576671379D-02, 9.32576568714D-02, 5.69182937292D+07, 6.23043830787D+14, 1.04093943883D+06, 1.42132643754D+08, 6.73000000000D-01, 2.77000000000D-01, 5.00000000000D-02
 9.66231348411D-01, 8.78329733181D-01,-3.37686515888D-02,-1.21670266819D-01, 2.20068851914D+30, 7.77474627004D+09, 0.00000000000D+00, 2.19527153391D+11, 1.16027867165D+04, 2.68912873940D-01, 1.00000000000D+00, 6.78886047242D+08, 3.64062893401D+07, 1.50750762618D-01, 1.50750752462D-01, 7.90041533652D+07, 9.42015507234D+14, 1.14066288274D+06, 1.27671046745D+08, 6.73000000000D-01, 2.77000000000D-01, 5.00000000000D-02
 9.62853322807D-01, 8.74191374569D-01,-3.71466771933D-02,-1.25808625431D-01, 2.19299472802D+30, 7.73811459635D+09, 0.00000000000D+00, 2.44338765903D+11, 1.18072456422D+04, 2.86765475226D-01, 1.00000000000D+00, 6.78918310076D+08, 4.92739028215D+07, 1.61359621262D-01, 1.61359611724D-01, 1.11370567340D+08, 1.37496614292D+15, 1.20375523212D+06, 1.28155523627D+08, 6.73000000000D-01, 2.77000000000D-01, 5.00000000000D-02
 9.59127047939D-01, 8.69866923451D-01,-4.08729520610D-02,-1.30133076549D-01, 2.18450776439D+30, 7.69983568021D+09, 0.00000000000D+00, 2.72140751384D+11, 1.19950462538D+04, 3.05682349900D-01, 1.00000000000D+00, 6.78928723468D+08, 6.52613623203D+07, 1.34818621031D-01, 1.34818612571D-01, 1.54839403486D+08, 2.02062274541D+15, 1.22035582959D+06, 1.44758439520D+08, 6.73000000000D-01, 2.77000000000D-01, 5.00000000000D-02
 9.55116160848D-01, 8.65452568961D-01,-4.48838391522D-02,-1.34547431039D-01, 2.17537256795D+30, 7.66076096281D+09, 0.00000000000D+00, 3.02550188322D+11, 1.21783490350D+04, 3.25372169371D-01, 1.00000000000D+00, 6.78915133001D+08, 8.57378495938D+07, 1.55355864259D-01, 1.55355856656D-01, 2.13735063336D+08, 2.94653725318D+15, 1.26828893419D+06, 1.62441997499D+08, 6.73000000000D-01, 2.77000000000D-01, 5.00000000000D-02
 9.51012839559D-01, 8.61153570741D-01,-4.89871604408D-02,-1.38846429259D-01, 2.16602684338D+30, 7.62270734910D+09, 0.00000000000D+00, 3.34156891113D+11, 1.23850952432D+04, 3.44198224059D-01, 1.00000000000D+00, 6.78898849020D+08, 1.15173093979D+08, 1.88199072845D-01, 1.88199065755D-01, 2.97737332651D+08, 4.21732863030D+15, 1.32716299384D+06, 1.72785353640D+08, 6.73000000000D-01, 2.77000000000D-01, 5.00000000000D-02
 9.46910813028D-01, 8.57036265287D-01,-5.30891869723D-02,-1.42963734713D-01, 2.15668406775D+30, 7.58626203248D+09, 0.00000000000D+00, 3.66236641394D+11, 1.26255106295D+04, 3.61476975387D-01, 1.00000000000D+00, 6.78884700272D+08, 1.59875276947D+08, 2.36236489284D-01, 2.36236482489D-01, 4.21263508146D+08, 5.96866689634D+15, 1.40395353593D+06, 1.75273338495D+08, 6.73000000000D-01, 2.77000000000D-01, 5.00000000000D-02
 9.42840464876D-01, 8.53095823578D-01,-5.71595351238D-02,-1.46904176422D-01, 2.14741344280D+30, 7.55138226772D+09, 0.00000000000D+00, 3.98531511161D+11, 1.29005674765D+04, 3.77047155682D-01, 1.00000000000D+00, 6.78919444774D+08, 2.29395601939D+08, 2.58853752924D-01, 2.58853746354D-01, 6.06024109624D+08, 8.44386705532D+15, 1.46345560235D+06, 1.73745247994D+08, 6.73000000000D-01, 2.77000000000D-01, 5.00000000000D-02
 9.38603059291D-01, 8.49122189468D-01,-6.13969407086D-02,-1.50877810532D-01, 2.13776232784D+30, 7.51620869245D+09, 0.00000000000D+00, 4.32630310309D+11, 1.31816167301D+04, 3.92438342154D-01, 1.00000000000D+00, 6.78919578298D+08, 3.29782035911D+08, 2.66155374941D-01, 2.66155368610D-01, 8.71571205654D+08, 1.21789380793D+16, 1.51439459545D+06, 1.72283095387D+08, 6.73000000000D-01, 2.77000000000D-01, 5.00000000000D-02
 9.34200355354D-01, 8.45113605096D-01,-6.57996446460D-02,-1.54886394904D-01, 2.12773472935D+30, 7.48072574657D+09, 0.00000000000D+00, 4.68565338685D+11, 1.34684160066D+04, 4.07547131611D-01, 1.00000000000D+00, 6.78919427471D+08, 4.74844191846D+08, 2.73447472634D-01, 2.73447466545D-01, 1.25294149794D+09, 1.78147196736D+16, 1.57096697621D+06, 1.70927675115D+08, 6.73000000000D-01, 2.77000000000D-01, 5.00000000000D-02
 9.29637327247D-01, 8.41070218944D-01,-7.03626727527D-02,-1.58929781056D-01, 2.11734197654D+30, 7.44493474438D+09, 0.00000000000D+00, 5.06343146977D+11, 1.37610579760D+04, 4.22281818734D-01, 1.00000000000D+00, 6.78918984293D+08, 6.84789984324D+08, 2.81250366440D-01, 2.81250360584D-01, 1.80051650014D+09, 2.63116633265D+16, 1.63202743572D+06, 1.69523717091D+08, 6.73000000000D-01, 2.77000000000D-01, 5.00000000000D-02
 9.24923330319D-01, 8.36995198383D-01,-7.50766696807D-02,-1.63004801617D-01, 2.10660537714D+30, 7.40886372263D+09, 0.00000000000D+00, 5.45932977017D+11, 1.40601200479D+04, 4.36621536045D-01, 1.00000000000D+00, 6.78922237390D+08, 9.89606061552D+08, 2.88573908484D-01, 2.88573902843D-01, 2.58735158355D+09, 3.91060598872D+16, 1.68555888759D+06, 1.67954127185D+08, 6.73000000000D-01, 2.77000000000D-01, 5.00000000000D-02
 9.20045593340D-01, 8.32874260071D-01,-7.99544066598D-02,-1.67125739929D-01, 2.09549584339D+30, 7.37238624890D+09, 0.00000000000D+00, 5.87491575002D+11, 1.43634081470D+04, 4.50915785884D-01, 1.00000000000D+00, 6.78922518288D+08, 1.42971630488D+09, 2.93092490193D-01, 2.93092484752D-01, 3.71302419003D+09, 5.84224000680D+16, 1.72419752436D+06, 1.66399047952D+08, 6.73000000000D-01, 2.77000000000D-01, 5.00000000000D-02
 9.15001288344D-01, 8.28704572126D-01,-8.49987116565D-02,-1.71295427874D-01, 2.08400693433D+30, 7.33547725610D+09, 0.00000000000D+00, 6.31097292098D+11, 1.46701451556D+04, 4.65273967171D-01, 1.00000000000D+00, 6.78922846939D+08, 2.06331965307D+09, 2.97014457518D-01, 2.97014452265D-01, 5.31886665821D+09, 8.75537622519D+16, 1.76058380447D+06, 1.64953914256D+08, 6.73000000000D-01, 2.77000000000D-01, 5.00000000000D-02
 9.09789699726D-01, 8.24485503729D-01,-9.02103002739D-02,-1.75514496271D-01, 2.07213702010D+30, 7.29813116039D+09, 0.00000000000D+00, 6.76813099262D+11, 1.49798314568D+04, 4.79741977690D-01, 1.00000000000D+00, 6.78923216969D+08, 2.97299198399D+09, 3.00222780448D-01, 3.00222775368D-01, 7.60342718593D+09, 1.31394291662D+17, 1.79379109411D+06, 1.63648179291D+08, 6.73000000000D-01, 2.77000000000D-01, 5.00000000000D-02
 9.04409351868D-01, 8.20216207949D-01,-9.55906481318D-02,-1.79783792051D-01, 2.05988273982D+30, 7.26034046494D+09, 0.00000000000D+00, 7.24711048709D+11, 1.52918809570D+04, 4.94381255512D-01, 1.00000000000D+00, 6.78923622547D+08, 4.27449965054D+09, 3.02607705953D-01, 3.02607701034D-01, 1.08431910799D+10, 1.97209253382D+17, 1.82294156854D+06, 1.62509511794D+08, 6.73000000000D-01, 2.77000000000D-01, 5.00000000000D-02
 8.98857958851D-01, 8.15895727048D-01,-1.01142041149D-01,-1.84104272952D-01, 2.04723888708D+30, 7.22209669214D+09, 0.00000000000D+00, 7.74873238407D+11, 1.56056234823D+04, 5.09257866998D-01, 1.00000000000D+00, 6.78922791824D+08, 6.12872004228D+09, 3.04576201052D-01, 3.04576196282D-01, 1.54205726042D+10, 2.95730568921D+17, 1.85057223277D+06, 1.61547567605D+08, 6.73000000000D-01, 2.77000000000D-01, 5.00000000000D-02
 8.93139261138D-01, 8.11527810316D-01,-1.06860738862D-01,-1.88472189684D-01, 2.03421398117D+30, 7.18343302969D+09, 0.00000000000D+00, 8.27329210875D+11, 1.59211282364D+04, 5.24340547732D-01, 1.00000000000D+00, 6.78923243201D+08, 8.76393802662D+09, 3.06330864850D-01, 3.06330860218D-01, 2.18715083611D+10, 4.42600877834D+17, 1.87840702968D+06, 1.60684412482D+08, 6.73000000000D-01, 2.77000000000D-01, 5.00000000000D-02
 8.87252336041D-01, 8.07112362280D-01,-1.12747663959D-01,-1.92887637720D-01, 2.02080592057D+30, 7.14434863250D+09, 0.00000000000D+00, 8.82152144589D+11, 1.62378634880D+04, 5.39662579170D-01, 1.00000000000D+00, 6.78923358983D+08, 1.24931869179D+10, 3.07637008668D-01, 3.07637004163D-01, 3.09292691427D+10, 6.60800509662D+17, 1.90445035911D+06, 1.59905463244D+08, 6.73000000000D-01, 2.77000000000D-01, 5.00000000000D-02
 8.81198472496D-01, 8.02651050006D-01,-1.18801527504D-01,-1.97348949994D-01, 2.00701764096D+30, 7.10485825702D+09, 0.00000000000D+00, 9.39396637486D+11, 1.65555671131D+04, 5.55237294913D-01, 1.00000000000D+00, 6.78923464910D+08, 1.77505260448D+10, 3.08674027517D-01, 3.08674023129D-01, 4.36039533346D+10, 9.83654579891D+17, 1.92960054909D+06, 1.59204986218D+08, 6.73000000000D-01, 2.77000000000D-01, 5.00000000000D-02
 8.74979134580D-01, 7.98145575178D-01,-1.25020865420D-01,-2.01854424822D-01, 1.99285247692D+30, 7.06497696610D+09, 0.00000000000D+00, 9.99116836917D+11, 1.68739868180D+04, 5.71073728702D-01, 1.00000000000D+00, 6.78923561757D+08, 2.51327898737D+10, 3.09459114618D-01, 3.09459110336D-01, 6.12779291813D+10, 1.45934917768D+18, 1.95402201513D+06, 1.58577014870D+08, 6.73000000000D-01, 2.77000000000D-01, 5.00000000000D-02
 8.68595963620D-01, 7.93597654363D-01,-1.31404036380D-01,-2.06402345637D-01, 1.97831416674D+30, 7.02471995435D+09, 0.00000000000D+00, 1.06136628883D+12, 1.71928801580D+04, 5.87178253260D-01, 1.00000000000D+00, 6.78923635057D+08, 3.54565498949D+10, 3.10105776823D-01, 3.10105772640D-01, 8.58351230387D+10, 2.15720165963D+18, 1.97799106564D+06, 1.58015935255D+08, 6.73000000000D-01, 2.77000000000D-01, 5.00000000000D-02
 8.62058660499D-01, 7.89014385388D-01,-1.37941339501D-01,-2.10985614612D-01, 1.96342480515D+30, 6.98415004987D+09, 0.00000000000D+00, 1.12611912029D+12, 1.75129811197D+04, 6.03500538923D-01, 1.00000000000D+00, 6.78925552636D+08, 4.98780659263D+10, 3.11894136685D-01, 3.11894132611D-01, 1.19903654833D+11, 3.17563001376D+18, 2.00532810551D+06, 1.58356887527D+08, 6.73000000000D-01, 2.77000000000D-01, 5.00000000000D-02
 8.55366863437D-01, 7.84395134676D-01,-1.44633136563D-01,-2.15604865324D-01, 1.94818356816D+30, 6.94326164443D+09, 0.00000000000D+00, 1.19344755455D+12, 1.78337466649D+04, 6.19980712472D-01, 1.00000000000D+00, 6.78925238025D+08, 6.99341607880D+10, 3.13432440422D-01, 3.13432436467D-01, 1.66988103987D+11, 4.65681501078D+18, 2.03809184660D+06, 1.59003659095D+08, 6.73000000000D-01, 2.77000000000D-01, 5.00000000000D-02
 8.48529282331D-01, 7.79744679114D-01,-1.51470717669D-01,-2.20255320886D-01, 1.93261029344D+30, 6.90209702178D+09, 0.00000000000D+00, 1.26333282302D+12, 1.81556955902D+04, 6.36507916722D-01, 1.00000000000D+00, 6.78925173124D+08, 9.77848671534D+10, 3.15386611183D-01, 3.15386607345D-01, 2.31945871557D+11, 6.80096443698D+18, 2.07507708098D+06, 1.59454777712D+08, 6.73000000000D-01, 2.77000000000D-01, 5.00000000000D-02
 8.41549440451D-01, 7.75063469142D-01,-1.58450559549D-01,-2.24936530858D-01, 1.91671300557D+30, 6.86066016909D+09, 0.00000000000D+00, 1.33580729979D+12, 1.84786585695D+04, 6.53016127935D-01, 1.00000000000D+00, 6.78925308662D+08, 1.36337116420D+11, 3.16695641040D-01, 3.16695637314D-01, 3.21301044892D+11, 9.89361510673D+18, 2.11541473722D+06, 1.59861420966D+08, 6.73000000000D-01, 2.77000000000D-01, 5.00000000000D-02
 8.34428180244D-01, 7.70349750085D-01,-1.65571819756D-01,-2.29650249915D-01, 1.90049362332D+30, 6.81893555443D+09, 0.00000000000D+00, 1.41093221881D+12, 1.88020959305D+04, 6.69494982714D-01, 1.00000000000D+00, 6.78925631626D+08, 1.89466475644D+11, 3.17348296237D-01, 3.17348292618D-01, 4.43751801484D+11, 1.43390083052D+19, 2.15423920085D+06, 1.60356340128D+08, 6.73000000000D-01, 2.77000000000D-01, 5.00000000000D-02
 8.27164738154D-01, 7.65600897282D-01,-1.72835261846D-01,-2.34399102718D-01, 1.88395040762D+30, 6.77689994500D+09, 0.00000000000D+00, 1.48878843403D+12, 1.91252627545D+04, 6.85999229456D-01, 1.00000000000D+00, 6.78926118446D+08, 2.62283258202D+11, 3.16875055455D-01, 3.16875051936D-01, 6.10797883048D+11, 2.07052402598D+19, 2.18843342078D+06, 1.61059487848D+08, 6.73000000000D-01, 2.77000000000D-01, 5.00000000000D-02
 8.19755568076D-01, 7.60813123879D-01,-1.80244431924D-01,-2.39186876121D-01, 1.86707528185D+30, 6.73451982054D+09, 0.00000000000D+00, 1.56949073741D+12, 1.94470877111D+04, 7.02692573567D-01, 1.00000000000D+00, 6.78926177623D+08, 3.61375413254D+11, 3.15295113079D-01, 3.15295109651D-01, 8.37394901257D+11, 2.97856671420D+19, 2.20784897476D+06, 1.61960431201D+08, 6.73000000000D-01, 2.77000000000D-01, 5.00000000000D-02
 8.12201722288D-01, 7.55986936367D-01,-1.87798277712D-01,-2.44013063633D-01, 1.84987064268D+30, 6.69179966438D+09, 0.00000000000D+00, 1.65310777309D+12, 1.97671536544D+04, 7.19704353225D-01, 1.00000000000D+00, 6.78926131902D+08, 4.95436683757D+11, 3.13739836349D-01, 3.13739833008D-01, 1.14331128556D+12, 4.26703803795D+19, 2.22626732410D+06, 1.62887611595D+08, 6.73000000000D-01, 2.77000000000D-01, 5.00000000000D-02
 8.04508003625D-01, 7.51125332836D-01,-1.95491996375D-01,-2.48874667164D-01, 1.83234742906D+30, 6.64876601484D+09, 0.00000000000D+00, 1.73966737345D+12, 2.00855262731D+04, 7.37018747289D-01, 1.00000000000D+00, 6.78926004218D+08, 6.75983071242D+11, 3.12483297592D-01, 3.12483294331D-01, 1.55472803139D+12, 6.08493543535D+19, 2.24576483014D+06, 1.63771407175D+08, 6.73000000000D-01, 2.77000000000D-01, 5.00000000000D-02
 7.96680742387D-01, 7.46231949252D-01,-2.03319257613D-01,-2.53768050748D-01, 1.81452005886D+30, 6.60545105654D+09, 0.00000000000D+00, 1.82917871232D+12, 2.04024560936D+04, 7.54601602028D-01, 1.00000000000D+00, 6.78925805255D+08, 9.18214254216D+11, 3.11735163941D-01, 3.11735160757D-01, 2.10620996349D+12, 8.63547958341D+19, 2.26717455758D+06, 1.64551159042D+08, 6.73000000000D-01, 2.77000000000D-01, 5.00000000000D-02
 7.88727642703D-01, 7.41310848399D-01,-2.11272357297D-01,-2.58689151601D-01, 1.79640607902D+30, 6.56189075218D+09, 0.00000000000D+00, 1.92163263055D+12, 2.07183576692D+04, 7.72402904867D-01, 1.00000000000D+00, 6.78925544211D+08, 1.24225454047D+12, 3.11676449318D-01, 3.11676446207D-01, 2.84346712758D+12, 1.21949054711D+20, 2.29125211503D+06, 1.65173390922D+08, 6.73000000000D-01, 2.77000000000D-01, 5.00000000000D-02
 7.80657648817D-01, 7.36366347553D-01,-2.19342351183D-01,-2.63633652447D-01, 1.77802586095D+30, 6.51812331718D+09, 0.00000000000D+00, 2.01700187001D+12, 2.10337920399D+04, 7.90357464428D-01, 1.00000000000D+00, 6.78925109720D+08, 1.67486540315D+12, 3.12600281127D-01, 3.12600278087D-01, 3.82710970281D+12, 1.71378461056D+20, 2.31928466451D+06, 1.65590326579D+08, 6.73000000000D-01, 2.77000000000D-01, 5.00000000000D-02
 7.72483456533D-01, 7.31404399893D-01,-2.27516543467D-01,-2.68595600107D-01, 1.75940832060D+30, 6.47420144752D+09, 0.00000000000D+00, 2.11520941919D+12, 2.13497885667D+04, 8.08356143720D-01, 1.00000000000D+00, 6.78924739893D+08, 2.25246206926D+12, 3.14941123602D-01, 3.14941120628D-01, 5.13881493965D+12, 2.39705747705D+20, 2.35315098762D+06, 1.65745476166D+08, 6.73000000000D-01, 2.77000000000D-01, 5.00000000000D-02
 7.64208104171D-01, 7.26424510515D-01,-2.35791895829D-01,-2.73575489485D-01, 1.74056037806D+30, 6.43012076244D+09, 0.00000000000D+00, 2.21628989249D+12, 2.16661064813D+04, 8.26389069516D-01, 1.00000000000D+00, 6.78924756413D+08, 3.02119840723D+12, 3.15168298375D-01, 3.15168295464D-01, 6.88313523194D+12, 3.33875217242D+20, 2.38192029097D+06, 1.65715997845D+08, 6.73000000000D-01, 2.77000000000D-01, 5.00000000000D-02
 7.55828994474D-01, 7.21423045820D-01,-2.44171005526D-01,-2.78576954180D-01, 1.72147611781D+30, 6.38584909826D+09, 0.00000000000D+00, 2.32034883223D+12, 2.19817785208D+04, 8.44509586718D-01, 1.00000000000D+00, 6.78924793071D+08, 4.03854514336D+12, 3.15308640428D-01, 3.15308637577D-01, 9.19218981495D+12, 4.63307926283D+20, 2.41078096859D+06, 1.65616350879D+08, 6.73000000000D-01, 2.77000000000D-01, 5.00000000000D-02
 7.47350024805D-01, 7.16400360306D-01,-2.52649975195D-01,-2.83599639694D-01, 1.70216441650D+30, 6.34138959292D+09, 0.00000000000D+00, 2.42741412524D+12, 2.22966839241D+04, 8.62711707338D-01, 1.00000000000D+00, 6.78924847553D+08, 5.38001941981D+12, 3.15302219519D-01, 3.15302216724D-01, 1.22393449898D+13, 6.40521738739D+20, 2.43975053302D+06, 1.65466647359D+08, 6.73000000000D-01, 2.77000000000D-01, 5.00000000000D-02
 7.38774768129D-01, 7.11356548316D-01,-2.61225231871D-01,-2.88643451684D-01, 1.68263341189D+30, 6.29674308151D+09, 0.00000000000D+00, 2.53751757692D+12, 2.26106572363D+04, 8.80990095239D-01, 1.00000000000D+00, 6.78924917766D+08, 7.14216666701D+12, 3.15094541742D-01, 3.15094539000D-01, 1.62476240286D+13, 8.82222619481D+20, 2.46884824010D+06, 1.65285174655D+08, 6.73000000000D-01, 2.77000000000D-01, 5.00000000000D-02
 7.30106505925D-01, 7.06291473155D-01,-2.69893494075D-01,-2.93708526845D-01, 1.66289057789D+30, 6.25190835404D+09, 0.00000000000D+00, 2.65069484694D+12, 2.29234912942D+04, 8.99339968292D-01, 1.00000000000D+00, 6.78925001807D+08, 9.44764930691D+12, 3.14636135856D-01, 3.14636133165D-01, 2.15025443180D+13, 1.21060243528D+21, 2.49809450730D+06, 1.65088584326D+08, 6.73000000000D-01, 2.77000000000D-01, 5.00000000000D-02
 7.21348260670D-01, 7.01204793332D-01,-2.78651739330D-01,-2.98795206668D-01, 1.64294279850D+30, 6.20688238772D+09, 0.00000000000D+00, 2.76698537140D+12, 2.32349401367D+04, 9.17757013340D-01, 1.00000000000D+00, 6.78925097932D+08, 1.24512656799D+13, 3.13882325815D-01, 3.13882323172D-01, 2.83677416897D+13, 1.65499558399D+21, 2.52751052276D+06, 1.64892054847D+08, 6.73000000000D-01, 2.77000000000D-01, 5.00000000000D-02
 7.12502828333D-01, 6.96095986554D-01,-2.87497171667D-01,-3.03904013446D-01, 1.62279644181D+30, 6.16166055936D+09, 0.00000000000D+00, 2.88643226528D+12, 2.35447219406D+04, 9.36237309753D-01, 1.00000000000D+00, 6.78925204536D+08, 1.63469536862D+13, 3.12793144318D-01, 3.12793141722D-01, 3.73037908671D+13, 2.25397570512D+21, 2.55711800587D+06, 1.64709431488D+08, 6.73000000000D-01, 2.77000000000D-01, 5.00000000000D-02
 7.03572811163D-01, 6.90964371939D-01,-2.96427188837D-01,-3.09035628061D-01, 1.60245743470D+30, 6.11623684195D+09, 0.00000000000D+00, 3.00908219954D+12, 2.38525220685D+04, 9.54778639594D-01, 1.00000000000D+00, 6.78924889226D+08, 2.13757884999D+13, 3.11998976437D-01, 3.11998973886D-01, 4.88906197812D+13, 3.05798489757D+21, 2.58663591349D+06, 1.64551508460D+08, 6.73000000000D-01, 2.77000000000D-01, 5.00000000000D-02
 6.94574816298D-01, 6.85817215129D-01,-3.05425183702D-01,-3.14182784871D-01, 1.58196360160D+30, 6.07067554908D+09, 0.00000000000D+00, 3.13478566128D+12, 2.41599754053D+04, 9.73364103596D-01, 1.00000000000D+00, 6.78924857003D+08, 2.78776859413D+13, 3.13916295978D-01, 3.13916293469D-01, 6.39256584079D+13, 4.13172110501D+21, 2.61459144475D+06, 1.64367657905D+08, 6.73000000000D-01, 2.77000000000D-01, 5.00000000000D-02
 6.85519893135D-01, 6.80658632335D-01,-3.14480106865D-01,-3.19341367665D-01, 1.56134010860D+30, 6.02501311637D+09, 0.00000000000D+00, 3.26346035689D+12, 2.44680146242D+04, 9.91993304742D-01, 1.00000000000D+00, 6.78924812156D+08, 3.62890444739D+13, 3.16027817444D-01, 3.16027814974D-01, 8.34361983265D+13, 5.56082076490D+21, 2.64147901919D+06, 1.64140377604D+08, 6.73000000000D-01, 2.77000000000D-01, 5.00000000000D-02
 6.76413457549D-01, 6.75489507807D-01,-3.23586542451D-01,-3.24510492193D-01, 1.54059929091D+30, 5.97925737098D+09, 0.00000000000D+00, 3.39509850805D+12, 2.47768172745D+04, 1.01066686053D+00, 1.00000000000D+00, 6.78924783813D+08, 4.71577410210D+13, 3.18310563193D-01, 3.18310560761D-01, 1.08724315582D+14, 7.45856314548D+21, 2.66850521112D+06, 1.63845584818D+08, 6.73000000000D-01, 2.77000000000D-01, 5.00000000000D-02
 6.67260313055D-01, 6.70310361829D-01,-3.32739686945D-01,-3.29689638171D-01, 1.51975208902D+30, 5.93341291832D+09, 0.00000000000D+00, 3.52969910831D+12, 2.50864889526D+04, 1.02938678551D+00, 1.00000000000D+00, 6.78924772455D+08, 6.11839647469D+13, 3.20644367176D-01, 3.20644364779D-01, 1.41460795693D+14, 9.97344202285D+21, 2.69415669515D+06, 1.63524417914D+08, 6.73000000000D-01, 2.77000000000D-01, 5.00000000000D-02
 6.58064628474D-01, 6.65121421664D-01,-3.41935371526D-01,-3.34878578336D-01, 1.49880799781D+30, 5.88748177006D+09, 0.00000000000D+00, 3.66726891957D+12, 2.53970639855D+04, 1.04816777552D+00, 1.00000000000D+00, 6.78924774698D+08, 7.92598475621D+13, 3.22970054268D-01, 3.22970051903D-01, 1.83784555105D+14, 1.32998252263D+22, 2.71854979907D+06, 1.63195473541D+08, 6.73000000000D-01, 2.77000000000D-01, 5.00000000000D-02
 6.48830189901D-01, 6.59922768899D-01,-3.51169810099D-01,-3.40077231101D-01, 1.47777564052D+30, 5.84146464839D+09, 0.00000000000D+00, 3.80781929960D+12, 2.57085387630D+04, 1.06702161932D+00, 1.00000000000D+00, 6.78924789378D+08, 1.02520497582D+14, 3.25238480450D-01, 3.25238478114D-01, 2.38430625008D+14, 1.76916185582D+22, 2.74193724248D+06, 1.62872366615D+08, 6.73000000000D-01, 2.77000000000D-01, 5.00000000000D-02
 6.39560411009D-01, 6.54714327525D-01,-3.60439588991D-01,-3.45285672475D-01, 1.45666279211D+30, 5.79536088051D+09, 0.00000000000D+00, 3.95136644675D+12, 2.60208690979D+04, 1.08595729402D+00, 1.00000000000D+00, 6.78924817962D+08, 1.32405959595D+14, 3.27389795327D-01, 3.27389793020D-01, 3.08888469828D+14, 2.34799173116D+22, 2.76455665878D+06, 1.62592631249D+08, 6.73000000000D-01, 2.77000000000D-01, 5.00000000000D-02
 6.30258347494D-01, 6.49495855220D-01,-3.69741652506D-01,-3.50504144780D-01, 1.43547641225D+30, 5.74916832144D+09, 0.00000000000D+00, 4.09793160081D+12, 2.63339680796D+04, 1.10498101671D+00, 1.00000000000D+00, 6.78924856984D+08, 1.70736997448D+14, 3.29381385181D-01, 3.29381382900D-01, 3.99598767823D+14, 3.10956210752D+22, 2.78667039105D+06, 1.62358371084D+08, 6.73000000000D-01, 2.77000000000D-01, 5.00000000000D-02
 6.20926796219D-01, 6.44266981843D-01,-3.79073203781D-01,-3.55733018157D-01, 1.41422287107D+30, 5.70288369477D+09, 0.00000000000D+00, 4.24753989150D+12, 2.66477165898D+04, 1.12409535282D+00, 1.00000000000D+00, 6.78924937528D+08, 2.19808860566D+14, 3.31117661750D-01, 3.31117659496D-01, 5.16199853397D+14, 4.10982324919D+22, 2.80893352155D+06, 1.62178979348D+08, 6.73000000000D-01, 2.77000000000D-01, 5.00000000000D-02
 6.11567522263D-01, 6.39026730208D-01,-3.88432477737D-01,-3.60973269792D-01, 1.39290618871D+30, 5.65649835074D+09, 0.00000000000D+00, 4.40023342769D+12, 2.69618377701D+04, 1.14328463202D+00, 1.00000000000D+00, 6.78924955136D+08, 2.82478483259D+14, 3.32498256741D-01, 3.32498254513D-01, 6.65785497684D+14, 5.42130397955D+22, 2.83273508521D+06, 1.62047042065D+08, 6.73000000000D-01, 2.77000000000D-01, 5.00000000000D-02
 6.02183360269D-01, 6.33774618905D-01,-3.97816639731D-01,-3.66225381095D-01, 1.37153282135D+30, 5.61000802800D+09, 0.00000000000D+00, 4.55603767972D+12, 2.72762056545D+04, 1.16253885732D+00, 1.00000000000D+00, 6.78924971751D+08, 3.62345326160D+14, 3.33789518239D-01, 3.33789516036D-01, 8.57355654106D+14, 7.13746911037D+22, 2.85649250188D+06, 1.61955983121D+08, 6.73000000000D-01, 2.77000000000D-01, 5.00000000000D-02
 5.92777589636D-01, 6.28510401200D-01,-4.07222410364D-01,-3.71489598800D-01, 1.35011023816D+30, 5.56341054255D+09, 0.00000000000D+00, 4.71497068036D+12, 2.75907652358D+04, 1.18185603305D+00, 1.00000000000D+00, 6.78924987445D+08, 4.63932016433D+14, 3.34994900376D-01, 3.34994898197D-01, 1.10230607810D+15, 9.37863069243D+22, 2.88020565559D+06, 1.61905454701D+08, 6.73000000000D-01, 2.77000000000D-01, 5.00000000000D-02
 5.83353473579D-01, 6.23233810644D-01,-4.16646526421D-01,-3.76766189356D-01, 1.32864587142D+30, 5.51670353583D+09, 0.00000000000D+00, 4.87705038256D+12, 2.79054636731D+04, 1.20123424907D+00, 1.00000000000D+00, 6.78925002283D+08, 5.92895903763D+14, 3.36117746053D-01, 3.36117743897D-01, 1.41501991604D+15, 1.22994548977D+23, 2.90387417902D+06, 1.61895102209D+08, 6.73000000000D-01, 2.77000000000D-01, 5.00000000000D-02
 5.73914259281D-01, 6.17944561557D-01,-4.26085740719D-01,-3.82055438443D-01, 1.30714711694D+30, 5.46988447910D+09, 0.00000000000D+00, 5.04229468941D+12, 2.82202502730D+04, 1.22067171182D+00, 1.00000000000D+00, 6.78925050844D+08, 7.56299374087D+14, 3.37090811101D-01, 3.37090808969D-01, 1.81362346687D+15, 1.60983533555D+23, 2.92739714404D+06, 1.61924618005D+08, 6.73000000000D-01, 2.77000000000D-01, 5.00000000000D-02
 5.64461916958D-01, 6.12641651435D-01,-4.35538083042D-01,-3.87358348565D-01, 1.28561846206D+30, 5.42294449844D+09, 0.00000000000D+00, 5.21074415611D+12, 2.85348724112D+04, 1.24017428556D+00, 1.00000000000D+00, 6.78925064368D+08, 9.62803335650D+14, 3.37674354470D-01, 3.37674352360D-01, 2.32067632139D+15, 2.10296343472D+23, 2.95041273458D+06, 1.61993796654D+08, 6.73000000000D-01, 2.77000000000D-01, 5.00000000000D-02
 5.54999118341D-01, 6.07324475316D-01,-4.45000881659D-01,-3.92675524684D-01, 1.26406599193D+30, 5.37587823888D+09, 0.00000000000D+00, 5.38242784792D+12, 2.88491894879D+04, 1.25974403356D+00, 1.00000000000D+00, 6.78925075762D+08, 1.22315910283D+15, 3.38193076679D-01, 3.38193074592D-01, 2.96449028422D+15, 2.74172343484D+23, 2.97336533930D+06, 1.62097765792D+08, 6.73000000000D-01, 2.77000000000D-01, 5.00000000000D-02
 5.45529144530D-01, 6.01992762299D-01,-4.54470855470D-01,-3.98007237701D-01, 1.24249717958D+30, 5.32868330248D+09, 0.00000000000D+00, 5.55736398510D+12, 2.91631629506D+04, 1.27937941928D+00, 1.00000000000D+00, 6.78925085172D+08, 1.55072282777D+15, 3.38656416781D-01, 3.38656414714D-01, 3.78061269183D+15, 3.56729553630D+23, 2.99626045481D+06, 1.62230477078D+08, 6.73000000000D-01, 2.77000000000D-01, 5.00000000000D-02
 5.36055289730D-01, 5.96646237365D-01,-4.63944710270D-01,-4.03353762635D-01, 1.22091952789D+30, 5.28135725485D+09, 0.00000000000D+00, 5.73557027905D+12, 2.94767614049D+04, 1.29907885254D+00, 1.00000000000D+00, 6.78925092737D+08, 1.96199382467D+15, 3.39073346983D-01, 3.39073344937D-01, 4.81350261833D+15, 4.63197493499D+23, 3.01910322538D+06, 1.62386261686D+08, 6.73000000000D-01, 2.77000000000D-01, 5.00000000000D-02
 5.26580858241D-01, 5.91284619755D-01,-4.73419141759D-01,-4.08715380245D-01, 1.19934056273D+30, 5.23389761078D+09, 0.00000000000D+00, 5.91706398366D+12, 2.97899603600D+04, 1.31884070081D+00, 1.00000000000D+00, 6.78925098587D+08, 2.47731688925D+15, 3.39452357239D-01, 3.39452355212D-01, 6.11869324469D+15, 6.00203137157D+23, 3.04189844739D+06, 1.62559813312D+08, 6.73000000000D-01, 2.77000000000D-01, 5.00000000000D-02
 5.17107213704D-01, 5.85906526347D-01,-4.82892786296D-01,-4.14093473653D-01, 1.17776338993D+30, 5.18629212723D+09, 0.00000000000D+00, 6.10190029695D+12, 3.01024055819D+04, 1.33867352610D+00, 1.00000000000D+00, 6.78925277528D+08, 3.12102318245D+15, 3.38610976187D-01, 3.38610974179D-01, 7.76412135627D+15, 7.76143458071D+23, 3.06336454016D+06, 1.62744412889D+08, 6.73000000000D-01, 2.77000000000D-01, 5.00000000000D-02
 5.07632981285D-01, 5.80509024624D-01,-4.92367018715D-01,-4.19490975376D-01, 1.15618487817D+30, 5.13851484633D+09, 0.00000000000D+00, 6.29019191754D+12, 3.04132539568D+04, 1.35859999696D+00, 1.00000000000D+00, 6.78925271735D+08, 3.92115885263D+15, 3.37471683884D-01, 3.37471681893D-01, 9.83088395214D+15, 1.00160413302D+24, 3.08458117799D+06, 1.62929133777D+08, 6.73000000000D-01, 2.77000000000D-01, 5.00000000000D-02
 4.98161894767D-01, 5.75092075225D-01,-5.01838105233D-01,-4.24907924775D-01, 1.13461353152D+30, 5.09056541966D+09, 0.00000000000D+00, 6.48195401432D+12, 3.07225360637D+04, 1.37861559393D+00, 1.00000000000D+00, 6.78925261530D+08, 4.91319519188D+15, 3.36388631152D-01, 3.36388629178D-01, 1.24218657002D+16, 1.28969238566D+24, 3.10594107931D+06, 1.63105913962D+08, 6.73000000000D-01, 2.77000000000D-01, 5.00000000000D-02
 4.88697748607D-01, 5.69655647413D-01,-5.11302251393D-01,-4.30344352587D-01, 1.11305799223D+30, 5.04244357514D+09, 0.00000000000D+00, 6.67719992095D+12, 3.10303003362D+04, 1.39871541493D+00, 1.00000000000D+00, 6.78925247346D+08, 6.14016700912D+15, 3.35381564448D-01, 3.35381562489D-01, 1.56641174204D+16, 1.65677282969D+24, 3.12746573497D+06, 1.63267409025D+08, 6.73000000000D-01, 2.77000000000D-01, 5.00000000000D-02
 4.79244384965D-01, 5.64199712637D-01,-5.20755615035D-01,-4.35800287363D-01, 1.09152701120D+30, 4.99414906005D+09, 0.00000000000D+00, 6.87594130380D+12, 3.13366116202D+04, 1.41889423411D+00, 1.00000000000D+00, 6.78925229578D+08, 7.65422374394D+15, 3.34468272866D-01, 3.34468270922D-01, 1.97144089588D+16, 2.12323241668D+24, 3.14917490907D+06, 1.63406910074D+08, 6.73000000000D-01, 2.77000000000D-01, 5.00000000000D-02
 4.69805682103D-01, 5.58724238979D-01,-5.30194317897D-01,-4.41275761021D-01, 1.07002942156D+30, 4.94568159187D+09, 0.00000000000D+00, 7.07818832598D+12, 3.16415498716D+04, 1.43914654958D+00, 1.00000000000D+00, 6.78925208577D+08, 9.51849840174D+15, 3.33664832438D-01, 3.33664830507D-01, 2.47660598832D+16, 2.71441812193D+24, 3.17108696166D+06, 1.63518284583D+08, 6.73000000000D-01, 2.77000000000D-01, 5.00000000000D-02
 4.60385544140D-01, 5.53229186428D-01,-5.39614455860D-01,-4.46770813572D-01, 1.04857411533D+30, 4.89704081641D+09, 0.00000000000D+00, 7.28394980646D+12, 3.19452090062D+04, 1.45946662557D+00, 1.00000000000D+00, 6.78925184659D+08, 1.18093622145D+16, 3.32985847537D-01, 3.32985845619D-01, 3.10573498799D+16, 3.46178599185D+24, 3.19321916237D+06, 1.63595918949D+08, 6.73000000000D-01, 2.77000000000D-01, 5.00000000000D-02
 4.50987892081D-01, 5.47714502924D-01,-5.49012107919D-01,-4.52285497076D-01, 1.02717002300D+30, 4.84822627288D+09, 0.00000000000D+00, 7.49323337342D+12, 3.22476959034D+04, 1.47984852910D+00, 1.00000000000D+00, 6.78925158102D+08, 1.46191485064D+16, 3.32444685984D-01, 3.32444684077D-01, 3.88818854358D+16, 4.40430903042D+24, 3.21558799365D+06, 1.63634663099D+08, 6.73000000000D-01, 2.77000000000D-01, 5.00000000000D-02
 4.41616656083D-01, 5.42180121108D-01,-5.58383343917D-01,-4.57819878892D-01, 1.00582609589D+30, 4.79923736501D+09, 0.00000000000D+00, 7.70604561180D+12, 3.25491295681D+04, 1.50028616140D+00, 1.00000000000D+00, 6.78925129153D+08, 1.80594486960D+16, 3.32053705936D-01, 3.32053704040D-01, 4.86013936970D+16, 5.59020239781D+24, 3.23820944338D+06, 1.63629777377D+08, 6.73000000000D-01, 2.77000000000D-01, 5.00000000000D-02
 4.32275768847D-01, 5.36625955713D-01,-5.67724231153D-01,-4.63374044287D-01, 9.84551291127D+29, 4.75007333804D+09, 0.00000000000D+00, 7.92239220473D+12, 3.28496404515D+04, 1.52077328428D+00, 1.00000000000D+00, 6.78925098029D+08, 2.22651077505D+16, 3.31824473845D-01, 3.31824471957D-01, 6.06615338333D+16, 7.07903808619D+24, 3.26109928834D+06, 1.63576881817D+08, 6.73000000000D-01, 2.77000000000D-01, 5.00000000000D-02
 4.22969876484D-01, 5.31052328047D-01,-5.77030123516D-01,-4.68947671953D-01, 9.63356190680D+29, 4.70073703611D+09, 0.00000000000D+00, 8.14226097723D+12, 3.31495123515D+04, 1.54130009729D+00, 1.00000000000D+00, 6.78925052019D+08, 2.74015611100D+16, 3.32180730284D-01, 3.32180728404D-01, 7.56167366258D+16, 8.94427813886D+24, 3.28461064469D+06, 1.63467006501D+08, 6.73000000000D-01, 2.77000000000D-01, 5.00000000000D-02
 4.13703963962D-01, 5.25459754441D-01,-5.86296036038D-01,-4.74540245559D-01, 9.42252148320D+29, 4.65123302965D+09, 0.00000000000D+00, 8.36562930115D+12, 3.34491175210D+04, 1.56185478777D+00, 1.00000000000D+00, 6.78925013935D+08, 3.36721174685D+16, 3.32777530140D-01, 3.32777528267D-01, 9.41578049203D+16, 1.12766449412D+25, 3.30847858914D+06, 1.63291058159D+08, 6.73000000000D-01, 2.77000000000D-01, 5.00000000000D-02
 4.04482488779D-01, 5.19848431522D-01,-5.95517511221D-01,-4.80151568478D-01, 9.21249316444D+29, 4.60156305916D+09, 0.00000000000D+00, 8.59248469288D+12, 3.37487453277D+04, 1.58243870596D+00, 1.00000000000D+00, 6.78924961013D+08, 4.13237080007D+16, 3.33935652449D-01, 3.33935650582D-01, 1.17139514781D+17, 1.41884284883D+25, 3.33068726334D+06, 1.63060226423D+08, 6.73000000000D-01, 2.77000000000D-01, 5.00000000000D-02
 3.95310045238D-01, 5.14218727451D-01,-6.04689954762D-01,-4.85781272549D-01, 9.00358159034D+29, 4.55173038348D+09, 0.00000000000D+00, 8.82280910164D+12, 3.40487463645D+04, 1.60306736768D+00, 1.00000000000D+00, 6.78924965519D+08, 5.06600494407D+16, 3.35184417773D-01, 3.35184415910D-01, 1.45628292444D+17, 1.78184643368D+25, 3.35213432920D+06, 1.62801390967D+08, 6.73000000000D-01, 2.77000000000D-01, 5.00000000000D-02
 3.86189435045D-01, 5.08569948739D-01,-6.13810564955D-01,-4.91430051261D-01, 8.79585057259D+29, 4.50172886405D+09, 0.00000000000D+00, 9.05662831344D+12, 3.43491219024D+04, 1.62374459572D+00, 1.00000000000D+00, 6.78924970603D+08, 6.20406634333D+16, 3.36398647776D-01, 3.36398645916D-01, 1.80923780154D+17, 2.23390300060D+25, 3.37328215601D+06, 1.62517308525D+08, 6.73000000000D-01, 2.77000000000D-01, 5.00000000000D-02
 3.77123427836D-01, 5.02901376288D-01,-6.22876572164D-01,-4.97098623712D-01, 8.58936319240D+29, 4.45155213559D+09, 0.00000000000D+00, 9.29397012045D+12, 3.46498722457D+04, 1.64447372119D+00, 1.00000000000D+00, 6.78924977373D+08, 7.58994081342D+16, 3.37557191817D-01, 3.37557189960D-01, 2.24628687083D+17, 2.79626402805D+25, 3.39411885684D+06, 1.62218724715D+08, 6.73000000000D-01, 2.77000000000D-01, 5.00000000000D-02
 3.68113515064D-01, 4.97211476679D-01,-6.31886484936D-01,-5.02788523321D-01, 8.38415341910D+29, 4.40118662467D+09, 0.00000000000D+00, 9.53489821098D+12, 3.49507237154D+04, 1.66526172173D+00, 1.00000000000D+00, 6.78925004791D+08, 9.27437873604D+16, 3.37995911167D-01, 3.37995909315D-01, 2.78682729013D+17, 3.49516007900D+25, 3.41444530767D+06, 1.62213441339D+08, 6.73000000000D-01, 2.77000000000D-01, 5.00000000000D-02
 3.59161054685D-01, 4.91498589094D-01,-6.40838945315D-01,-5.08501410906D-01, 8.18025218150D+29, 4.35061763018D+09, 0.00000000000D+00, 9.77948446791D+12, 3.52513601975D+04, 1.68612074752D+00, 1.00000000000D+00, 6.78925026218D+08, 1.13172097124D+17, 3.38289160698D-01, 3.38289158850D-01, 3.45444427217D+17, 4.36277064663D+25, 3.43395462255D+06, 1.62221238838D+08, 6.73000000000D-01, 2.77000000000D-01, 5.00000000000D-02
 3.50268536490D-01, 4.85761757169D-01,-6.49731463510D-01,-5.14238242831D-01, 7.97771618710D+29, 4.29983668662D+09, 0.00000000000D+00, 1.00277740610D+13, 3.55517090986D+04, 1.70706055552D+00, 1.00000000000D+00, 6.78925042042D+08, 1.37908698645D+17, 3.38470853308D-01, 3.38470851462D-01, 4.27827561374D+17, 5.43838915058D+25, 3.45280433144D+06, 1.62234679586D+08, 6.73000000000D-01, 2.77000000000D-01, 5.00000000000D-02
 3.41438557057D-01, 4.80000082761D-01,-6.58561442943D-01,-5.19999917239D-01, 7.77660457552D+29, 4.24883584386D+09, 0.00000000000D+00, 1.02798119089D+13, 3.58517242859D+04, 1.72808890241D+00, 1.00000000000D+00, 6.78925052629D+08, 1.67818017332D+17, 3.38573034835D-01, 3.38573032991D-01, 5.29403272373D+17, 6.77008210442D+25, 3.47114835542D+06, 1.62246803296D+08, 6.73000000000D-01, 2.77000000000D-01, 5.00000000000D-02
 3.32673810249D-01, 4.74212714456D-01,-6.67326189751D-01,-5.25787285544D-01, 7.57697870223D+29, 4.19760756541D+09, 0.00000000000D+00, 1.05356428751D+13, 3.61513848536D+04, 1.74921163789D+00, 1.00000000000D+00, 6.78925058321D+08, 2.03931208121D+17, 3.38625937508D-01, 3.38625935664D-01, 6.54548734845D+17, 8.41657862773D+25, 3.48913596249D+06, 1.62251091003D+08, 6.73000000000D-01, 2.77000000000D-01, 5.00000000000D-02
 3.23977078347D-01, 4.68398836878D-01,-6.76022921653D-01,-5.31601163122D-01, 7.37890193642D+29, 4.14614463377D+09, 0.00000000000D+00, 1.07953119879D+13, 3.64506939756D+04, 1.77043279900D+00, 1.00000000000D+00, 6.78925059437D+08, 2.47478076714D+17, 3.38658071798D-01, 3.38658069953D-01, 8.08630395918D+17, 1.04495610527D+26, 3.50691121721D+06, 1.62241429876D+08, 6.73000000000D-01, 2.77000000000D-01, 5.00000000000D-02
 3.15351223851D-01, 4.62557660790D-01,-6.84648776149D-01,-5.37442339210D-01, 7.18243947442D+29, 4.09444006283D+09, 0.00000000000D+00, 1.10588646839D+13, 3.67496778696D+04, 1.79175470262D+00, 1.00000000000D+00, 6.78925056272D+08, 2.99925385025D+17, 3.38696348935D-01, 3.38696347089D-01, 9.98230241946D+17, 1.29564436294D+26, 3.52461285458D+06, 1.62212078926D+08, 6.73000000000D-01, 2.77000000000D-01, 5.00000000000D-02
 3.06799182015D-01, 4.56688413997D-01,-6.93200817985D-01,-5.43311586003D-01, 6.98765816957D+29, 4.04248701730D+09, 0.00000000000D+00, 1.13263470757D+13, 3.70483848907D+04, 1.81317803430D+00, 1.00000000000D+00, 6.78925049097D+08, 3.63022938737D+17, 3.38766227695D-01, 3.38766225846D-01, 1.23142577104D+18, 1.60437463913D+26, 3.54237451268D+06, 1.62157635672D+08, 6.73000000000D-01, 2.77000000000D-01, 5.00000000000D-02
 2.98323954118D-01, 4.50790333010D-01,-7.01676045882D-01,-5.49209666990D-01, 6.79462637898D+29, 3.99027873899D+09, 0.00000000000D+00, 1.15978062453D+13, 3.73468847733D+04, 1.83470193152D+00, 1.00000000000D+00, 6.78925038159D+08, 4.38859196011D+17, 3.38891880392D-01, 3.38891878540D-01, 1.51813719101D+18, 1.98411963389D+26, 3.56032526622D+06, 1.62073003727D+08, 6.73000000000D-01, 2.77000000000D-01, 5.00000000000D-02
 2.89928601475D-01, 4.44862655465D-01,-7.10071398525D-01,-5.55137344535D-01, 6.60341382720D+29, 3.93780847966D+09, 0.00000000000D+00, 1.18732905639D+13, 3.76452680368D+04, 1.85632406012D+00, 1.00000000000D+00, 6.78925023680D+08, 5.29928570027D+17, 3.39096374262D-01, 3.39096372405D-01, 1.87055902117D+18, 2.45067196206D+26, 3.57859041337D+06, 1.61953361272D+08, 6.73000000000D-01, 2.77000000000D-01, 5.00000000000D-02
 2.81616604519D-01, 4.38904871053D-01,-7.18383395481D-01,-5.61095128947D-01, 6.41409978452D+29, 3.88507172217D+09, 0.00000000000D+00, 1.21528376438D+13, 3.79437401945D+04, 1.87803471685D+00, 1.00000000000D+00, 6.78925019983D+08, 6.39248358505D+17, 3.39634239271D-01, 3.39634237408D-01, 2.30379657738D+18, 3.02324322914D+26, 3.59808120884D+06, 1.61801229335D+08, 6.73000000000D-01, 2.77000000000D-01, 5.00000000000D-02
 2.73391329637D-01, 4.32916335070D-01,-7.26608670363D-01,-5.67083664930D-01, 6.22676092381D+29, 3.83206275977D+09, 0.00000000000D+00, 1.24364916242D+13, 3.82424877107D+04, 1.89982603935D+00, 1.00000000000D+00, 6.78925017872D+08, 7.70433619433D+17, 3.40196755187D-01, 3.40196753317D-01, 2.83647818783D+18, 3.72525328294D+26, 3.61767775457D+06, 1.61624380554D+08, 6.73000000000D-01, 2.77000000000D-01, 5.00000000000D-02
 2.65255619458D-01, 4.26895982182D-01,-7.34744380542D-01,-5.73104017818D-01, 6.04146198876D+29, 3.77877216241D+09, 0.00000000000D+00, 1.27243187541D+13, 3.85415680857D+04, 1.92169983154D+00, 1.00000000000D+00, 6.78925059879D+08, 9.27756459711D+17, 3.40716055497D-01, 3.40716053620D-01, 3.49141950612D+18, 4.58527273335D+26, 3.63710362275D+06, 1.61427413959D+08, 6.73000000000D-01, 2.77000000000D-01, 5.00000000000D-02
 2.57211967249D-01, 4.20842442727D-01,-7.42788032751D-01,-5.79157557273D-01, 5.85825976606D+29, 3.72518780620D+09, 0.00000000000D+00, 1.30164038939D+13, 3.88409473804D+04, 1.94366367405D+00, 1.00000000000D+00, 6.78925066145D+08, 1.11625300261D+18, 3.41147290029D-01, 3.41147288143D-01, 4.29653989546D+18, 5.63809559051D+26, 3.65627586670D+06, 1.61232750170D+08, 6.73000000000D-01, 2.77000000000D-01, 5.00000000000D-02
 2.49263064221D-01, 4.14754441316D-01,-7.50736935779D-01,-5.85245558684D-01, 5.67721555070D+29, 3.67129840171D+09, 0.00000000000D+00, 1.33128322588D+13, 3.91406458984D+04, 1.96572172209D+00, 1.00000000000D+00, 6.78925073027D+08, 1.34193502070D+18, 3.41533505146D-01, 3.41533503251D-01, 5.28624985129D+18, 6.92599512918D+26, 3.67541969503D+06, 1.61046336101D+08, 6.73000000000D-01, 2.77000000000D-01, 5.00000000000D-02
 2.41411609994D-01, 4.08630648033D-01,-7.58588390006D-01,-5.91369351967D-01, 5.49839082922D+29, 3.61709217689D+09, 0.00000000000D+00, 1.36136966894D+13, 3.94406872995D+04, 1.98787808310D+00, 1.00000000000D+00, 6.78925080497D+08, 1.61194981528D+18, 3.41870558001D-01, 3.41870556095D-01, 6.50290123673D+18, 8.50035166238D+26, 3.69452341518D+06, 1.60870136913D+08, 6.73000000000D-01, 2.77000000000D-01, 5.00000000000D-02
 2.33660305758D-01, 4.02469669083D-01,-7.66339694242D-01,-5.97530330917D-01, 5.32184712394D+29, 3.56255679422D+09, 0.00000000000D+00, 1.39190988620D+13, 3.97410965289D+04, 2.01013751577D+00, 1.00000000000D+00, 6.78925088529D+08, 1.93479024994D+18, 3.42154428005D-01, 3.42154426088D-01, 7.99864286842D+18, 1.04235960066D+27, 3.71357585070D+06, 1.60706049840D+08, 6.73000000000D-01, 2.77000000000D-01, 5.00000000000D-02
 2.26011857117D-01, 3.96270044368D-01,-7.73988142883D-01,-6.03729955632D-01, 5.14764605770D+29, 3.50767932929D+09, 0.00000000000D+00, 1.42291502782D+13, 4.00419003864D+04, 2.03250547313D+00, 1.00000000000D+00, 6.78925097099D+08, 2.32054546231D+18, 3.42381215286D-01, 3.42381213357D-01, 9.83772596621D+18, 1.27715650088D+27, 3.73256636272D+06, 1.60555909852D+08, 6.73000000000D-01, 2.77000000000D-01, 5.00000000000D-02
 2.18468976959D-01, 3.90030244810D-01,-7.81531023041D-01,-6.09969755190D-01, 4.97584941921D+29, 3.45244624711D+09, 0.00000000000D+00, 1.45439733871D+13, 4.03431281532D+04, 2.05498815181D+00, 1.00000000000D+00, 6.78925107135D+08, 2.78119878990D+18, 3.42542313002D-01, 3.42542311059D-01, 1.20993675512D+19, 1.56363603064D+27, 3.75148057908D+06, 1.60429831439D+08, 6.73000000000D-01, 2.77000000000D-01, 5.00000000000D-02
 2.11034320431D-01, 3.83748611934D-01,-7.88965679569D-01,-6.16251388066D-01, 4.80651768214D+29, 3.39684286727D+09, 0.00000000000D+00, 1.48637058269D+13, 4.06447908493D+04, 2.07759305859D+00, 1.00000000000D+00, 6.78925117694D+08, 3.33094257360D+18, 3.42596875282D-01, 3.42596873325D-01, 1.48811743626D+19, 1.91298315337D+27, 3.77027518367D+06, 1.60391484109D+08, 6.73000000000D-01, 2.77000000000D-01, 5.00000000000D-02
 2.03710572960D-01, 3.77423422709D-01,-7.96289427040D-01,-6.22576577291D-01, 4.63971200973D+29, 3.34085393797D+09, 0.00000000000D+00, 1.51884985166D+13, 4.09469070812D+04, 2.10032849084D+00, 1.00000000000D+00, 6.78925128328D+08, 3.98661796449D+18, 3.42578250470D-01, 3.42578248498D-01, 1.83036246622D+19, 2.33877387443D+27, 3.78897395456D+06, 1.60378824875D+08, 6.73000000000D-01, 2.77000000000D-01, 5.00000000000D-02
 1.96500484443D-01, 3.71052914785D-01,-8.03499515557D-01,-6.28947085215D-01, 4.47549503368D+29, 3.28446385933D+09, 0.00000000000D+00, 1.55185158002D+13, 4.12495146703D+04, 2.12320335258D+00, 1.00000000000D+00, 6.78925139037D+08, 4.76824092943D+18, 3.42485898800D-01, 3.42485896813D-01, 2.25156763424D+19, 2.85748456954D+27, 3.80757178667D+06, 1.60391066271D+08, 6.73000000000D-01, 2.77000000000D-01, 5.00000000000D-02
 1.89406831240D-01, 3.64635249433D-01,-8.10593168760D-01,-6.35364750567D-01, 4.31392998832D+29, 3.22765635542D+09, 0.00000000000D+00, 1.58539390065D+13, 4.15526593585D+04, 2.14622753073D+00, 1.00000000000D+00, 6.78925149821D+08, 5.69958659032D+18, 3.42319322746D-01, 3.42319320742D-01, 2.77016237793D+19, 3.48911701477D+27, 3.82606425129D+06, 1.60427467883D+08, 6.73000000000D-01, 2.77000000000D-01, 5.00000000000D-02
 1.82432418440D-01, 3.58168507532D-01,-8.17567581560D-01,-6.41831492468D-01, 4.15508076238D+29, 3.17041443866D+09, 0.00000000000D+00, 1.61949686422D+13, 4.18563958523D+04, 2.16941200136D+00, 1.00000000000D+00, 6.78925160684D+08, 6.80890988960D+18, 3.42078046793D-01, 3.42078044769D-01, 3.40897632605D+19, 4.25795753678D+27, 3.84444762864D+06, 1.60487339549D+08, 6.73000000000D-01, 2.77000000000D-01, 5.00000000000D-02
 1.75580082192D-01, 3.51650685389D-01,-8.24419917808D-01,-6.48349314611D-01, 3.99901195199D+29, 3.11272037289D+09, 0.00000000000D+00, 1.65418269244D+13, 4.21607889928D+04, 2.19276895316D+00, 1.00000000000D+00, 6.78925171632D+08, 8.12981345503D+18, 3.41761596083D-01, 3.41761594040D-01, 4.19632878003D+19, 5.19350432006D+27, 3.86271894437D+06, 1.60570044766D+08, 6.73000000000D-01, 2.77000000000D-01, 5.00000000000D-02
 1.68852692104D-01, 3.45079690437D-01,-8.31147307896D-01,-6.54920309563D-01, 3.84578891537D+29, 3.05455563525D+09, 0.00000000000D+00, 1.68947607133D+13, 4.24659150764D+04, 2.21631241327D+00, 1.00000000000D+00, 6.78925122349D+08, 9.70229634033D+18, 3.41489157117D-01, 3.41489155052D-01, 5.16740218575D+19, 6.33160234630D+27, 3.88075096727D+06, 1.60674428686D+08, 6.73000000000D-01, 2.77000000000D-01, 5.00000000000D-02
 1.62253859664D-01, 3.38454058930D-01,-8.37746140336D-01,-6.61545941070D-01, 3.69549390772D+29, 2.99590726903D+09, 0.00000000000D+00, 1.72540057534D+13, 4.27721308588D+04, 2.24005758402D+00, 1.00000000000D+00, 6.78925122188D+08, 1.15756872892D+19, 3.41469416611D-01, 3.41469414523D-01, 6.36669084331D+19, 7.71578423892D+27, 3.89847241446D+06, 1.60791300256D+08, 6.73000000000D-01, 2.77000000000D-01, 5.00000000000D-02
 1.55786794722D-01, 3.31771863075D-01,-8.44213205278D-01,-6.68228136925D-01, 3.54820003660D+29, 2.93675820993D+09, 0.00000000000D+00, 1.76198489196D+13, 4.30796686198D+04, 2.26401977013D+00, 1.00000000000D+00, 6.78925121946D+08, 1.38087495022D+19, 3.41451257241D-01, 3.41451255128D-01, 7.84968257376D+19, 9.39927467689D+27, 3.91623650298D+06, 1.60916878668D+08, 6.73000000000D-01, 2.77000000000D-01, 5.00000000000D-02
 1.49454571038D-01, 3.25030919108D-01,-8.50545428962D-01,-6.74969080892D-01, 3.40397730996D+29, 2.87708912783D+09, 0.00000000000D+00, 1.79926210474D+13, 4.33887201289D+04, 2.28821494135D+00, 1.00000000000D+00, 6.78925121623D+08, 1.64719140491D+19, 3.41435241341D-01, 3.41435239201D-01, 9.68584602639D+19, 1.14471414739D+28, 3.93405828582D+06, 1.61050389144D+08, 6.73000000000D-01, 2.77000000000D-01, 5.00000000000D-02
 1.43260296019D-01, 3.18228946986D-01,-8.56739703981D-01,-6.81771053014D-01, 3.26289650214D+29, 2.81687984038D+09, 0.00000000000D+00, 1.83726935359D+13, 4.36994992784D+04, 2.31266099858D+00, 1.00000000000D+00, 6.78925121220D+08, 1.96502122960D+19, 3.41421923940D-01, 3.41421921771D-01, 1.19625567641D+20, 1.39389966553D+28, 3.95195401084D+06, 1.61191096454D+08, 6.73000000000D-01, 2.77000000000D-01, 5.00000000000D-02
 1.37207113682D-01, 3.11363569267D-01,-8.62792886318D-01,-6.88636430733D-01, 3.12502922121D+29, 2.75610930307D+09, 0.00000000000D+00, 1.87604844522D+13, 4.40122451990D+04, 2.33737805842D+00, 1.00000000000D+00, 6.78925120736D+08, 2.34466238329D+19, 3.41411856791D-01, 3.41411854590D-01, 1.47900370565D+20, 1.69724375069D+28, 3.96994131846D+06, 1.61338302789D+08, 6.73000000000D-01, 2.77000000000D-01, 5.00000000000D-02
 1.31298207729D-01, 3.04432311337D-01,-8.68701792271D-01,-6.95567688663D-01, 2.99044797923D+29, 2.69475561128D+09, 0.00000000000D+00, 1.91564657242D+13, 4.43272259103D+04, 2.36238878643D+00, 1.00000000000D+00, 6.78925120173D+08, 2.79863048376D+19, 3.41405593100D-01, 3.41405590865D-01, 1.83077746484D+20, 2.06673765856D+28, 3.98803947283D+06, 1.61491345521D+08, 6.73000000000D-01, 2.77000000000D-01, 5.00000000000D-02
 1.25536804751D-01, 2.97432603522D-01,-8.74463195249D-01,-7.02567396478D-01, 2.85922626501D+29, 2.63279601893D+09, 0.00000000000D+00, 1.95611716454D+13, 4.46447426074D+04, 2.38771878845D+00, 1.00000000000D+00, 6.78925119527D+08, 3.34219662363D+19, 3.41403693086D-01, 3.41403690814D-01, 2.26929061402D+20, 2.51715177881D+28, 4.00626963332D+06, 1.61649594784D+08, 6.73000000000D-01, 2.77000000000D-01, 5.00000000000D-02
 1.19926177496D-01, 2.90361785761D-01,-8.80073822504D-01,-7.09638214239D-01, 2.73143861865D+29, 2.57020697982D+09, 0.00000000000D+00, 1.99752089685D+13, 4.49651347140D+04, 2.41339707442D+00, 1.00000000000D+00, 6.78925119386D+08, 3.99407662925D+19, 3.41400292210D-01, 3.41400289899D-01, 2.81712266966D+20, 3.06673198135D+28, 4.02464023222D+06, 1.61812427793D+08, 6.73000000000D-01, 2.77000000000D-01, 5.00000000000D-02
 1.14469538800D-01, 2.83216971979D-01,-8.85530461200D-01,-7.16783028021D-01, 2.60715821571D+29, 2.50696294719D+09, 0.00000000000D+00, 2.03992776498D+13, 4.52887330682D+04, 2.43945907954D+00, 1.00000000000D+00, 6.78925114791D+08, 4.77719162079D+19, 3.41303595915D-01, 3.41303593561D-01, 3.50309933375D+20, 3.73809503262D+28, 4.04294159768D+06, 1.61970541982D+08, 6.73000000000D-01, 2.77000000000D-01, 5.00000000000D-02
 1.09170219285D-01, 2.75995279498D-01,-8.90829780715D-01,-7.24004720502D-01, 2.48646091443D+29, 2.44303840433D+09, 0.00000000000D+00, 2.08341729849D+13, 4.56159458899D+04, 2.46594406609D+00, 1.00000000000D+00, 6.78925110151D+08, 5.71993572085D+19, 3.41239351198D-01, 3.41239348796D-01, 4.36427504948D+20, 4.55934933321D+28, 4.06147406108D+06, 1.62116583715D+08, 6.73000000000D-01, 2.77000000000D-01, 5.00000000000D-02
 1.04031702422D-01, 2.68693904135D-01,-8.95968297578D-01,-7.31306095865D-01, 2.36942605437D+29, 2.37840852932D+09, 0.00000000000D+00, 2.12807988897D+13, 4.59472880110D+04, 2.49289461420D+00, 1.00000000000D+00, 6.78925105446D+08, 6.85779937989D+19, 3.41207731168D-01, 3.41207728716D-01, 5.44857694196D+20, 5.56557213654D+28, 4.08026880005D+06, 1.62250370444D+08, 6.73000000000D-01, 2.77000000000D-01, 5.00000000000D-02
 9.90575248594D-02, 2.61310019930D-01,-9.00942475141D-01,-7.38689980070D-01, 2.25613418620D+29, 2.31304830751D+09, 0.00000000000D+00, 2.17401960116D+13, 4.62833443128D+04, 2.52035960365D+00, 1.00000000000D+00, 6.78925100652D+08, 8.23532043161D+19, 3.41209109805D-01, 3.41209107297D-01, 6.81825401318D+20, 6.80076552216D+28, 4.09936125835D+06, 1.62371658983D+08, 6.73000000000D-01, 2.77000000000D-01, 5.00000000000D-02
 9.42512785309D-02, 2.53840818628D-01,-9.05748721469D-01,-7.46159181372D-01, 2.14666711982D+29, 2.24693288096D+09, 0.00000000000D+00, 2.22135668072D+13, 4.66247820035D+04, 2.54839531126D+00, 1.00000000000D+00, 6.78925095744D+08, 9.90881559736D+19, 3.41244092876D-01, 3.41244090308D-01, 8.55462858246D+20, 8.32041196513D+28, 4.11879190701D+06, 1.62480132584D+08, 6.73000000000D-01, 2.77000000000D-01, 5.00000000000D-02
 8.96166115484D-02, 2.46283563920D-01,-9.10383388452D-01,-7.53716436080D-01, 2.04110794463D+29, 2.18003802857D+09, 0.00000000000D+00, 2.27023059834D+13, 4.69723653477D+04, 2.57706672840D+00, 1.00000000000D+00, 6.78925090690D+08, 1.19500930005D+20, 3.41313556667D-01, 3.41313554033D-01, 1.07646184150D+21, 1.01948716674D+29, 4.13860716112D+06, 1.62575384789D+08, 6.73000000000D-01, 2.77000000000D-01, 5.00000000000D-02
 8.51572272021D-02, 2.38635665083D-01,-9.14842772798D-01,-7.61364334917D-01, 1.93954100676D+29, 2.11234081793D+09, 0.00000000000D+00, 2.32080375769D+13, 4.73269733748D+04, 2.60644914651D+00, 1.00000000000D+00, 6.78925085453D+08, 1.44515591074D+20, 3.41418696583D-01, 3.41418693878D-01, 1.35897762113D+21, 1.25139421374D+29, 4.15886048747D+06, 1.62656899128D+08, 6.73000000000D-01, 2.77000000000D-01, 5.00000000000D-02
 8.08768801418D-02, 2.30894775998D-01,-9.19123119858D-01,-7.69105224002D-01, 1.84205182211D+29, 2.04382048182D+09, 0.00000000000D+00, 2.37326602683D+13, 4.76896212149D+04, 2.63663007084D+00, 1.00000000000D+00, 6.78925080089D+08, 1.75333345016D+20, 3.41559537731D-01, 3.41559534946D-01, 1.72189506013D+21, 1.53930405542D+29, 4.17960305008D+06, 1.62724027911D+08, 6.73000000000D-01, 2.77000000000D-01, 5.00000000000D-02
 7.67793261230D-02, 2.23058846413D-01,-9.23220673877D-01,-7.76941153587D-01, 1.74872593178D+29, 1.97445887192D+09, 0.00000000000D+00, 2.42784087832D+13, 4.80614573204D+04, 2.66771449707D+00, 1.00000000000D+00, 6.78925081386D+08, 2.13530043641D+20, 3.41673457636D-01, 3.41673454765D-01, 2.19059852994D+21, 1.89816922195D+29, 4.20057236622D+06, 1.62779806610D+08, 6.73000000000D-01, 2.77000000000D-01, 5.00000000000D-02
 7.28683089200D-02, 2.15126282705D-01,-9.27131691080D-01,-7.84873717295D-01, 1.65964860396D+29, 1.90424188191D+09, 0.00000000000D+00, 2.48479247403D+13, 4.84437891971D+04, 2.69982625141D+00, 1.00000000000D+00, 6.78925082843D+08, 2.61196311284D+20, 3.41780684579D-01, 3.41780681614D-01, 2.79950772398D+21, 2.34752434453D+29, 4.22208449918D+06, 1.62826917910D+08, 6.73000000000D-01, 2.77000000000D-01, 5.00000000000D-02
 6.91476046734D-02, 2.07096287614D-01,-9.30852395327D-01,-7.92903712386D-01, 1.57490584404D+29, 1.83316245465D+09, 0.00000000000D+00, 2.54443335249D+13, 4.88381608527D+04, 2.73310846540D+00, 1.00000000000D+00, 6.78925084493D+08, 3.21147068071D+20, 3.41880499303D-01, 3.41880496233D-01, 3.59580654114D+21, 2.91312195956D+29, 4.24422210589D+06, 1.62864689883D+08, 6.73000000000D-01, 2.77000000000D-01, 5.00000000000D-02
 6.56210261975D-02, 1.98969252819D-01,-9.34378973803D-01,-8.01030747181D-01, 1.49458449267D+29, 1.76122405717D+09, 0.00000000000D+00, 2.60713406055D+13, 4.92464302388D+04, 2.76771785392D+00, 1.00000000000D+00, 6.78924987300D+08, 3.97234092598D+20, 3.42200451723D-01, 3.42200448542D-01, 4.64497586416D+21, 3.62926419563D+29, 4.26938658422D+06, 1.62782895977D+08, 6.73000000000D-01, 2.77000000000D-01, 5.00000000000D-02
 6.22926610565D-02, 1.90747814856D-01,-9.37707338944D-01,-8.09252185144D-01, 1.41877764822D+29, 1.68845002742D+09, 0.00000000000D+00, 2.67332941297D+13, 4.96710641210D+04, 2.80380104427D+00, 1.00000000000D+00, 6.78924992416D+08, 4.94871967756D+20, 3.42643101245D-01, 3.42643097942D-01, 6.03962829609D+21, 4.54214806753D+29, 4.29681588710D+06, 1.62624835483D+08, 6.73000000000D-01, 2.77000000000D-01, 5.00000000000D-02
 5.91660128620D-02, 1.82435543624D-01,-9.40833987138D-01,-8.17564456376D-01, 1.34756510895D+29, 1.61487196520D+09, 0.00000000000D+00, 2.74354816766D+13, 5.01145830598D+04, 2.84158272233D+00, 1.00000000000D+00, 6.78924997220D+08, 6.21646046365D+20, 3.43072989677D-01, 3.43072986240D-01, 7.91120424242D+21, 5.71501630371D+29, 4.32528001597D+06, 1.62453742268D+08, 6.73000000000D-01, 2.77000000000D-01, 5.00000000000D-02
 5.62443389875D-02, 1.74038527026D-01,-9.43755661013D-01,-8.25961472974D-01, 1.28102106478D+29, 1.54054375905D+09, 0.00000000000D+00, 2.81842557443D+13, 5.05799633099D+04, 2.88133311042D+00, 1.00000000000D+00, 6.78925001606D+08, 7.88465063783D+20, 3.43494676489D-01, 3.43494672902D-01, 1.04498917088D+22, 7.23543702526D+29, 4.35495436509D+06, 1.62266074468D+08, 6.73000000000D-01, 2.77000000000D-01, 5.00000000000D-02
 5.35305095151D-02, 1.65566102132D-01,-9.46469490485D-01,-8.34433897868D-01, 1.21921088472D+29, 1.46554805828D+09, 0.00000000000D+00, 2.89872669330D+13, 5.10707187336D+04, 2.92337212642D+00, 1.00000000000D+00, 6.78925005406D+08, 1.01133239281D+21, 3.43913675570D-01, 3.43913671815D-01, 1.39356603279D+22, 9.22649875128D+29, 4.38604460885D+06, 1.62057449869D+08, 6.73000000000D-01, 2.77000000000D-01, 5.00000000000D-02
 5.10268192195D-02, 1.57031720299D-01,-9.48973180780D-01,-8.42968279701D-01, 1.16218683454D+29, 1.39000393082D+09, 0.00000000000D+00, 2.98537431075D+13, 5.15909918336D+04, 2.96807821547D+00, 1.00000000000D+00, 6.78925008351D+08, 1.31423550132D+21, 3.44336861374D-01, 3.44336857431D-01, 1.87885645346D+22, 1.18640814317D+30, 4.41879158631D+06, 1.61822379637D+08, 6.73000000000D-01, 2.77000000000D-01, 5.00000000000D-02
 4.87347445357D-02, 1.48453925997D-01,-9.51265255464D-01,-8.51546074003D-01, 1.10998254154D+29, 1.31407552746D+09, 0.00000000000D+00, 3.07948173852D+13, 5.21456505367D+04, 3.01589789561D+00, 1.00000000000D+00, 6.78925010023D+08, 1.73397197540D+21, 3.44773051851D-01, 3.44773047697D-01, 2.56521797872D+22, 1.54040246709D+30, 4.45347639797D+06, 1.61553916458D+08, 6.73000000000D-01, 2.77000000000D-01, 5.00000000000D-02
 4.66546412935D-02, 1.39857392366D-01,-9.53345358707D-01,-8.60142607634D-01, 1.06260611010D+29, 1.23798124846D+09, 0.00000000000D+00, 3.18239031059D+13, 5.27403840865D+04, 3.06735562719D+00, 1.00000000000D+00, 6.78924985728D+08, 2.32841334768D+21, 3.45280689345D-01, 3.45280684952D-01, 3.55353941637D+22, 2.02257566295D+30, 4.49039347354D+06, 1.61243513366D+08, 6.73000000000D-01, 2.77000000000D-01, 5.00000000000D-02
 4.47855494757D-02, 1.31274689151D-01,-9.55214450524D-01,-8.68725310849D-01, 1.02003567486D+29, 1.16200939268D+09, 0.00000000000D+00, 3.29569967969D+13, 5.33820439500D+04, 3.12305959908D+00, 1.00000000000D+00, 6.78924991535D+08, 3.19140579558D+21, 3.46019190268D-01, 3.46019185607D-01, 5.00641191292D+22, 2.69036580440D+30, 4.52977378410D+06, 1.60893722091D+08, 6.73000000000D-01, 2.77000000000D-01, 5.00000000000D-02
 4.31245194748D-02, 1.22746000299D-01,-9.56875480525D-01,-8.77253999701D-01, 9.82204055558D+28, 1.08651565800D+09, 0.00000000000D+00, 3.42132000856D+13, 5.40783662704D+04, 3.18371472548D+00, 1.00000000000D+00, 6.78924672566D+08, 4.47907369494D+21, 3.47114950258D-01, 3.47114945293D-01, 7.19248567787D+22, 3.63284689792D+30, 4.57192813140D+06, 1.60504290512D+08, 6.73000000000D-01, 2.77000000000D-01, 5.00000000000D-02
 4.16666666667D-02, 1.14321903234D-01,-9.58333333333D-01,-8.85678096766D-01, 9.49000000000D+28, 1.01194774260D+09, 0.00000000000D+00, 3.56146703712D+13, 5.48388208750D+04, 3.25009998464D+00, 1.00000000000D+00, 6.78924680632D+08, 6.46149642960D+21, 3.48545061047D-01, 3.48545055741D-01, 1.05714964404D+23, 4.99138339658D+30, 4.61730829438D+06, 1.60071039965D+08, 6.73000000000D-01, 2.77000000000D-01, 5.00000000000D-02
 4.16666666667D-02, 1.14321903234D-01,-9.58333333333D-01,-8.85678096766D-01, 9.49000000000D+28, 1.01194774260D+09, 0.00000000000D+00, 3.56146703712D+13, 0.00000000000D+00, 1.75505167628D+01, 0.00000000000D+00, 0.00000000000D+00, 0.00000000000D+00, 0.00000000000D+00, 0.00000000000D+00, 0.00000000000D+00, 0.00000000000D+00, 0.00000000000D+00, 0.00000000000D+00, 0.00000000000D+00, 0.00000000000D+00, 1.00000000000D+00
 3.59932332721D-02, 1.07692261018D-01,-9.64006766728D-01,-8.92307738982D-01, 8.19781881006D+28, 9.53263874638D+08, 0.00000000000D+00, 4.21186903819D+13, 0.00000000000D+00, 1.87495163412D+01, 0.00000000000D+00, 0.00000000000D+00, 0.00000000000D+00, 0.00000000000D+00, 0.00000000000D+00, 0.00000000000D+00, 0.00000000000D+00, 0.00000000000D+00, 0.00000000000D+00, 0.00000000000D+00, 0.00000000000D+00, 1.00000000000D+00
 3.08596983767D-02, 1.01327145666D-01,-9.69140301623D-01,-8.98672854334D-01, 7.02860490228D+28, 8.96921529645D+08, 0.00000000000D+00, 4.85648412007D+13, 0.00000000000D+00, 1.98443035029D+01, 0.00000000000D+00, 0.00000000000D+00, 0.00000000000D+00, 0.00000000000D+00, 0.00000000000D+00, 0.00000000000D+00, 0.00000000000D+00, 0.00000000000D+00, 0.00000000000D+00, 0.00000000000D+00, 0.00000000000D+00, 1.00000000000D+00
 2.62390670554D-02, 9.51794829051D-02,-9.73760932945D-01,-9.04820517095D-01, 5.97620991254D+28, 8.42504018418D+08, 0.00000000000D+00, 5.49061277459D+13, 0.00000000000D+00, 2.08458388806D+01, 0.00000000000D+00, 0.00000000000D+00, 0.00000000000D+00, 0.00000000000D+00, 0.00000000000D+00, 0.00000000000D+00, 0.00000000000D+00, 0.00000000000D+00, 0.00000000000D+00, 0.00000000000D+00, 0.00000000000D+00, 1.00000000000D+00
 2.21043443833D-02, 8.92133483633D-02,-9.77895655617D-01,-9.10786651637D-01, 5.03448547673D+28, 7.89693347752D+08, 0.00000000000D+00, 6.11006181925D+13, 0.00000000000D+00, 2.17621865227D+01, 0.00000000000D+00, 0.00000000000D+00, 0.00000000000D+00, 0.00000000000D+00, 0.00000000000D+00, 0.00000000000D+00, 0.00000000000D+00, 0.00000000000D+00, 0.00000000000D+00, 0.00000000000D+00, 0.00000000000D+00, 1.00000000000D+00
 1.84285354353D-02, 8.34004564628D-02,-9.81571464565D-01,-9.16599543537D-01, 4.19728323075D+28, 7.38239141074D+08, 0.00000000000D+00, 6.71106984090D+13, 0.00000000000D+00, 2.25997485245D+01, 0.00000000000D+00, 0.00000000000D+00, 0.00000000000D+00, 0.00000000000D+00, 0.00000000000D+00, 0.00000000000D+00, 0.00000000000D+00, 0.00000000000D+00, 0.00000000000D+00, 0.00000000000D+00, 0.00000000000D+00, 1.00000000000D+00
 1.51846452867D-02, 7.77179993642D-02,-9.84815354713D-01,-9.22282000636D-01, 3.45845481050D+28, 6.87939509327D+08, 0.00000000000D+00, 7.29025379319D+13, 0.00000000000D+00, 2.33639058653D+01, 0.00000000000D+00, 0.00000000000D+00, 0.00000000000D+00, 0.00000000000D+00, 0.00000000000D+00, 0.00000000000D+00, 0.00000000000D+00, 0.00000000000D+00, 0.00000000000D+00, 0.00000000000D+00, 0.00000000000D+00, 1.00000000000D+00
 1.23456790123D-02, 7.21472367043D-02,-9.87654320988D-01,-9.27852763296D-01, 2.81185185185D+28, 6.38628567690D+08, 0.00000000000D+00, 7.84456830057D+13, 0.00000000000D+00, 2.40593546506D+01, 0.00000000000D+00, 0.00000000000D+00, 0.00000000000D+00, 0.00000000000D+00, 0.00000000000D+00, 0.00000000000D+00, 0.00000000000D+00, 0.00000000000D+00, 0.00000000000D+00, 0.00000000000D+00, 0.00000000000D+00, 1.00000000000D+00
 9.88464168736D-03, 6.66725301342D-02,-9.90115358313D-01,-9.33327469866D-01, 2.25132599071D+28, 5.90167889566D+08, 0.00000000000D+00, 8.37127315037D+13, 0.00000000000D+00, 2.46902823996D+01, 0.00000000000D+00, 0.00000000000D+00, 0.00000000000D+00, 0.00000000000D+00, 0.00000000000D+00, 0.00000000000D+00, 0.00000000000D+00, 0.00000000000D+00, 0.00000000000D+00, 0.00000000000D+00, 0.00000000000D+00, 1.00000000000D+00
 7.77453838678D-03, 6.12806557815D-02,-9.92225461613D-01,-9.38719344219D-01, 1.77072886297D+28, 5.42440420680D+08, 0.00000000000D+00, 8.86790644551D+13, 0.00000000000D+00, 2.52604604040D+01, 0.00000000000D+00, 0.00000000000D+00, 0.00000000000D+00, 0.00000000000D+00, 0.00000000000D+00, 0.00000000000D+00, 0.00000000000D+00, 0.00000000000D+00, 0.00000000000D+00, 0.00000000000D+00, 0.00000000000D+00, 1.00000000000D+00
 5.98837418565D-03, 5.59602984455D-02,-9.94011625814D-01,-9.44039701554D-01, 1.36391210452D+28, 4.95346001819D+08, 0.00000000000D+00, 9.33226194192D+13, 0.00000000000D+00, 2.57732929545D+01, 0.00000000000D+00, 0.00000000000D+00, 0.00000000000D+00, 0.00000000000D+00, 0.00000000000D+00, 0.00000000000D+00, 0.00000000000D+00, 0.00000000000D+00, 0.00000000000D+00, 0.00000000000D+00, 0.00000000000D+00, 1.00000000000D+00
 4.49915415902D-03, 5.07016693288D-02,-9.95500845841D-01,-9.49298330671D-01, 1.02472735126D+28, 4.48797985093D+08, 0.00000000000D+00, 9.76236966583D+13, 0.00000000000D+00, 2.62318452618D+01, 0.00000000000D+00, 0.00000000000D+00, 0.00000000000D+00, 0.00000000000D+00, 0.00000000000D+00, 0.00000000000D+00, 0.00000000000D+00, 0.00000000000D+00, 0.00000000000D+00, 0.00000000000D+00, 0.00000000000D+00, 1.00000000000D+00
 3.27988338192D-03, 4.54962105326D-02,-9.96720116618D-01,-9.54503789467D-01, 7.47026239067D+27, 4.02720618210D+08, 0.00000000000D+00, 1.01564792249D+14, 0.00000000000D+00, 2.66388614680D+01, 0.00000000000D+00, 0.00000000000D+00, 0.00000000000D+00, 0.00000000000D+00, 0.00000000000D+00, 0.00000000000D+00, 0.00000000000D+00, 0.00000000000D+00, 0.00000000000D+00, 0.00000000000D+00, 0.00000000000D+00, 1.00000000000D+00
 2.30356692942D-03, 4.03363621480D-02,-9.97696433071D-01,-9.59663637852D-01, 5.24660403844D+27, 3.57046982825D+08, 0.00000000000D+00, 1.05130454112D+14, 0.00000000000D+00, 2.69967784097D+01, 0.00000000000D+00, 0.00000000000D+00, 0.00000000000D+00, 0.00000000000D+00, 0.00000000000D+00, 0.00000000000D+00, 0.00000000000D+00, 0.00000000000D+00, 0.00000000000D+00, 0.00000000000D+00, 0.00000000000D+00, 1.00000000000D+00
 1.54320987654D-03, 3.52153754838D-02,-9.98456790123D-01,-9.64784624516D-01, 3.51481481481D+27, 3.11717341276D+08, 0.00000000000D+00, 1.08307158027D+14, 0.00000000000D+00, 2.73077377030D+01, 0.00000000000D+00, 0.00000000000D+00, 0.00000000000D+00, 0.00000000000D+00, 0.00000000000D+00, 0.00000000000D+00, 0.00000000000D+00, 0.00000000000D+00, 0.00000000000D+00, 0.00000000000D+00, 0.00000000000D+00, 1.00000000000D+00
 9.71817298348D-04, 3.01271608550D-02,-9.99028182702D-01,-9.69872839145D-01, 2.21341107872D+27, 2.66677789258D+08, 0.00000000000D+00, 1.11083201421D+14, 0.00000000000D+00, 2.75735971098D+01, 0.00000000000D+00, 0.00000000000D+00, 0.00000000000D+00, 0.00000000000D+00, 0.00000000000D+00, 0.00000000000D+00, 0.00000000000D+00, 0.00000000000D+00, 0.00000000000D+00, 0.00000000000D+00, 0.00000000000D+00, 1.00000000000D+00
 5.62394269877D-04, 2.50661615531D-02,-9.99437605730D-01,-9.74933838447D-01, 1.28090918907D+27, 2.21879140233D+08, 0.00000000000D+00, 1.13448613148D+14, 0.00000000000D+00, 2.77959413623D+01, 0.00000000000D+00, 0.00000000000D+00, 0.00000000000D+00, 0.00000000000D+00, 0.00000000000D+00, 0.00000000000D+00, 0.00000000000D+00, 0.00000000000D+00, 0.00000000000D+00, 0.00000000000D+00, 0.00000000000D+00, 1.00000000000D+00
 2.87945866177D-04, 2.00272477622D-02,-9.99712054134D-01,-9.79972752238D-01, 6.55825504805D+26, 1.77275986405D+08, 0.00000000000D+00, 1.15395077864D+14, 0.00000000000D+00, 2.79760922791D+01, 0.00000000000D+00, 0.00000000000D+00, 0.00000000000D+00, 0.00000000000D+00, 0.00000000000D+00, 0.00000000000D+00, 0.00000000000D+00, 0.00000000000D+00, 0.00000000000D+00, 0.00000000000D+00, 0.00000000000D+00, 1.00000000000D+00
 1.21477162293D-04, 1.50056256648D-02,-9.99878522838D-01,-9.84994374335D-01, 2.76676384840D+26, 1.32825894148D+08, 0.00000000000D+00, 1.16915873824D+14, 0.00000000000D+00, 2.81151178942D+01, 0.00000000000D+00, 0.00000000000D+00, 0.00000000000D+00, 0.00000000000D+00, 0.00000000000D+00, 0.00000000000D+00, 0.00000000000D+00, 0.00000000000D+00, 0.00000000000D+00, 0.00000000000D+00, 0.00000000000D+00, 1.00000000000D+00
 3.59932332721D-05, 9.99675801005D-03,-9.99964006767D-01,-9.90003241990D-01, 8.19781881006D+25, 8.84887009002D+07, 0.00000000000D+00, 1.18005823201D+14, 0.00000000000D+00, 2.82138403175D+01, 0.00000000000D+00, 0.00000000000D+00, 0.00000000000D+00, 0.00000000000D+00, 0.00000000000D+00, 0.00000000000D+00, 0.00000000000D+00, 0.00000000000D+00, 0.00000000000D+00, 0.00000000000D+00, 0.00000000000D+00, 1.00000000000D+00
 4.49915415902D-06, 4.99629313969D-03,-9.99995500846D-01,-9.95003706860D-01, 1.02472735126D+25, 4.42258869129D+07, 0.00000000000D+00, 1.18661254160D+14, 0.00000000000D+00, 2.82728420856D+01, 0.00000000000D+00, 0.00000000000D+00, 0.00000000000D+00, 0.00000000000D+00, 0.00000000000D+00, 0.00000000000D+00, 0.00000000000D+00, 0.00000000000D+00, 0.00000000000D+00, 0.00000000000D+00, 0.00000000000D+00, 1.00000000000D+00
 0.00000000000D+00, 0.00000000000D+00,-1.00000000000D+00,-1.00000000000D+00, 0.00000000000D+00, 0.00000000000D+00, 0.00000000000D+00, 1.18879974172D+14, 0.00000000000D+00, 2.82924708225D+01, 0.00000000000D+00, 0.00000000000D+00, 0.00000000000D+00, 0.00000000000D+00, 0.00000000000D+00, 0.00000000000D+00, 0.00000000000D+00, 0.00000000000D+00, 0.00000000000D+00, 0.00000000000D+00, 0.00000000000D+00, 1.00000000000D+00
